,lya_model_low_2sig,lya_model_low_1sig,lya_model_median,lya_model_high_1sig,lya_model_high_2sig,lya_intrinsic_low_2sig,lya_intrinsic_low_1sig,lya_intrinsic_median,lya_intrinsic_high_1sig,lya_intrinsic_high_2sig,lya_ism_low_2sig,lya_ism_low_1sig,lya_ism_median,lya_ism_high_1sig,lya_ism_high_2sig,lya_reversal_low_2sig,lya_reversal_low_1sig,lya_reversal_median,lya_reversal_high_1sig,lya_reversal_high_2sig,lya_intrinsic_fluxes,vs_n value,am_n value,fw_L_n value,fw_G_n value,h1_col value,h1_b value,h1_vel value,h1_col2 value,h1_b2 value,h1_vel2 value,h1_col3 value,h1_b3 value,h1_vel3 value,d2h value,p value,am_b value,fw_L_b value,fw_G_b value,wave_lya,flux_lya,error_lya
0,2.1938895710870505e-17,3.877645815194064e-17,5.787509960896569e-17,7.701620212670508e-17,9.587911830849704e-17,2.2556002421118164e-17,3.987789876554347e-17,5.956490752663436e-17,7.934232099059363e-17,9.88800805581266e-17,0.6775171957427023,0.682231130307227,0.6864442151628445,0.6900373514710423,0.6933024871136367,0.7023371599834118,0.7032497122689562,0.7040514180952091,0.7047432821539154,0.7053074206063621,6.045646382250864e-15,-51.57795997054494,-12.841797169640246,4.592974472934653,85.3838502417625,18.04396181652432,,-8.497740881249197,,,,,,,,1.2091329730598572,,,,1214.015869140625,-2.982127192178942e-16,3.3539857733310124e-16
1,2.93735900089094e-17,5.1891420127847e-17,7.742139927597641e-17,1.0301838802691047e-16,1.2818202270476088e-16,3.024015045450626e-17,5.344569617310858e-17,7.978982555909033e-17,1.0625548325421855e-16,1.3237964763320842e-16,0.8601600048165423,0.8664087748542711,0.8720015723589201,0.8767726510665154,0.8811067949749468,0.893071815423832,0.8942948257629219,0.895369451588548,0.8962959703472105,0.8970513361788149,6.951294609709808e-15,-46.42131647305408,-12.683803749911432,7.829862319021836,95.18239292972412,18.144652782591276,,-5.063779129363864,,,,,,,,1.4007688506882927,,,,1214.0694580078125,2.418489499158861e-17,3.3539857733310124e-16
2,3.3336209094120714e-17,5.885158053128942e-17,8.775406967213753e-17,1.167294460070781e-16,1.452040739433579e-16,3.438411612667515e-17,6.074285443889552e-17,9.063387798957388e-17,1.2064535048658244e-16,1.502465796131336e-16,0.9058580000847599,0.9128597669041206,0.9191283484838223,0.924477187896414,0.9293312007845003,0.9427003088559142,0.9440897638005635,0.9453118614386737,0.9463639379341209,0.9472213451633659,8.160942103621658e-15,-42.24886555937584,-12.51204043260766,11.53713974593957,103.92621271357444,18.234269682080193,,-1.9689547428557208,,,,,,,,1.6033495549173984,,,,1214.1229248046875,-5.368673490710067e-17,3.3539857733310124e-16
3,3.7006280210393894e-17,6.524580115964638e-17,9.720286357943605e-17,1.2921183994732361e-16,1.6066815268882065e-16,3.8249642814135625e-17,6.748909663686772e-17,1.0063538109872464e-16,1.339016218946467e-16,1.6664262378864038e-16,0.9255401156686914,0.9331859705839992,0.9400370351311718,0.9458868692417455,0.9511980244566691,0.9657514220284923,0.9672957632657729,0.9686531197228738,0.969821280078763,0.9707721693386028,9.841316618117977e-15,-38.32243300382954,-12.316446415743066,15.607019650421643,112.3882633437759,18.321115720591557,,0.45694980994462453,,,,,,,,1.8021283082925559,,,,1214.1763916015625,2.117428314018469e-16,3.3539857733310124e-16
4,4.089389524238016e-17,7.19951696439852e-17,1.071546023505231e-16,1.4234823307939083e-16,1.7686316776485864e-16,4.238259334238224e-17,7.466822939437421e-17,1.1123422610293642e-16,1.4792350594496463e-16,1.8398968982545419e-16,0.9359662090306377,0.9442692190527328,0.951707533821724,0.9580666254701763,0.9638331658247581,0.9795706230154878,0.98128085608172,0.9827825555992661,0.9840731215755616,0.9851224738150917,1.2232105370833674e-14,-34.72164443827572,-12.089352984949027,20.161592211840183,120.32535332617212,18.402569903124334,,3.155567054612222,,,,,,,,1.9965439832155578,,,,1214.22998046875,1.2938489149802522e-16,3.3539857733310124e-16
5,4.517806134096005e-17,7.938212314560778e-17,1.179841910521729e-16,1.5661242365117526e-16,1.9445537621421261e-16,4.6963672344092046e-17,8.257462192434005e-17,1.2283951713919068e-16,1.6321650494453128e-16,2.028647583386996e-16,0.9394004183578749,0.9483927006854854,0.9564408730547366,0.9633270015956349,0.9695773162962104,0.9865206998731921,0.9884131798046342,0.9900718030290977,0.9914961468581848,0.9926524044780629,,,,,,,,,,,,,,,,,,,,1214.283447265625,-4.3993858958983893e-17,3.3539857733310124e-16
6,5.0045867903760846e-17,8.773327339290519e-17,1.3014510529873876e-16,1.7259405694874108e-16,2.1416355774607844e-16,5.222580636698113e-17,9.155737560642089e-17,1.3598760804682184e-16,1.80498454492411e-16,2.241952565546102e-16,0.9383631462502766,0.9480818987288747,0.9567818892497615,0.9642355904657506,0.9710053161532982,0.9892223507307568,0.9913229258380676,0.9931595069782098,0.9947333916560082,0.9960104773422801,,,,,,,,,,,,,,,,,,,,1214.3370361328125,-1.7340426732454515e-16,3.3539857733310124e-16
7,5.581697920426753e-17,9.743779626793119e-17,1.442389499397467e-16,1.9092966781773277e-16,2.367371291182453e-16,5.852440286374793e-17,1.0213161189516108e-16,1.5128370323649606e-16,2.0047012865826145e-16,2.488237375292315e-16,0.9346868021298769,0.9452007212285706,0.9546315182328957,0.96271047167298,0.970064030093268,0.9896434592634425,0.9919843426246195,0.9940260975297073,0.9957726946536068,0.9971855245944592,,,,,,,,,,,,,,,,,,,,1214.3905029296875,5.986240580341747e-17,3.3539857733310124e-16
8,6.295438924458578e-17,1.0909700645992109e-16,1.608709888317359e-16,2.1242662938633152e-16,2.63058125932116e-16,6.628184983494543e-17,1.1493601808228134e-16,1.6951305059476716e-16,2.240753848481573e-16,2.777440918115723e-16,0.9294624705319627,0.9408730834128661,0.9511203887141662,0.959898422033868,0.9678975606370875,0.9889704691554565,0.9915886223599446,0.993872052198329,0.9958218933236608,0.9973909872549241,,,,,,,,,,,,,,,,,,,,1214.444091796875,5.042845591587551e-16,3.3539857733310124e-16
9,7.22644934950377e-17,1.2352863023895083e-16,1.8097670683183046e-16,2.381073583486414e-16,2.9420066485651094e-16,7.659105655291085e-17,1.308274235221928e-16,1.9173096806723658e-16,2.525279793722388e-16,3.1231565369317303e-16,0.9231430768355561,0.935547562187531,0.9467166948518297,0.9562888982366294,0.9650236059758972,0.9877041571616624,0.9906541626953523,0.9932284743016859,0.9954179148990291,0.997165960561212,,,,,,,,,,,,,,,,,,,,1214.49755859375,7.493339436565028e-16,3.3539857733310124e-16
10,8.511604538651703e-17,1.4206960933042858e-16,2.0593348109897932e-16,2.6940751653060594e-16,3.317539978349126e-16,9.088512350303213e-17,1.515474602916741e-16,2.1959845548505316e-16,2.8764022141442897e-16,3.543919118697686e-16,0.9157997043123148,0.9293475515573788,0.9415476425306455,0.9520373306372197,0.9616002685666901,0.9860041840696969,0.98935760652174,0.9922793056744647,0.9947540512591976,0.9967139235263354,,,,,,,,,,,,,,,,,,,,1214.551025390625,2.1049999584020842e-17,3.3539857733310124e-16
11,1.0400081198914678e-16,1.6713218415087403e-16,2.380879080963016e-16,3.0875420175666314e-16,3.779292636353366e-16,1.1216737547485708e-16,1.7979843077343376e-16,2.560430536351655e-16,3.3207069706831595e-16,4.070062449607958e-16,0.9072825922481355,0.9221584062287348,0.9355373588110132,0.9470722521923571,0.9575721355321141,0.9837770773882623,0.9876319529196983,0.9909762919983744,0.9937988986440658,0.995997283877141,,,,,,,,,,,,,,,,,,,,1214.6046142578125,1.048239006429659e-16,3.3539857733310124e-16
12,1.333647002710926e-16,2.0268225370038593e-16,2.810856341866941e-16,3.5955918332694e-16,4.364466232578194e-16,1.458493806757745e-16,2.2056564154843577e-16,3.054528263722564e-16,3.9038730429525544e-16,4.743045721474082e-16,0.8974668493983151,0.9138100468997744,0.9285607779865013,0.9412908641525795,0.9528964725548049,0.9808303316517984,0.9853080941562037,0.9891836868531909,0.9924273552451164,0.9949008522521332,,,,,,,,,,,,,,,,,,,,1214.6580810546875,8.244667189900249e-16,3.3539857733310124e-16
13,1.8087896469985653e-16,2.558925931990051e-16,3.4173921537345075e-16,4.2808392779473064e-16,5.129906989192008e-16,2.0071147675926286e-16,2.826344105060439e-16,3.7617330272628027e-16,4.704443074472411e-16,5.641093722087652e-16,0.8860004190789657,0.9040572802481773,0.9203872985316414,0.9345055834195958,0.9473884317786027,0.9767386209253384,0.9819949964605824,0.9865715910864943,0.9903677469946975,0.9932123204075016,,,,,,,,,,,,,,,,,,,,1214.711669921875,5.002756580985189e-16,3.3539857733310124e-16
14,2.589353138193657e-16,3.385960134342007e-16,4.309720695864067e-16,5.242716527436519e-16,6.173512978920463e-16,2.9309123217002547e-16,3.809593947991399e-16,4.822942067883716e-16,5.852476172844414e-16,6.880110243869941e-16,0.8725312895584447,0.8925732253004608,0.9107214907335931,0.9264681782261296,0.940865668955029,0.9707582725380599,0.9770352526685717,0.9825720131736513,0.987125792941106,0.9906179724500964,,,,,,,,,,,,,,,,,,,,1214.76513671875,7.649033091995433e-16,3.3539857733310124e-16
15,3.8232122043701005e-16,4.687414400101242e-16,5.66855476665107e-16,6.663216116652084e-16,7.658534691807431e-16,4.44711226838986e-16,5.392291869151682e-16,6.472994712791585e-16,7.574890054093909e-16,8.682055772555327e-16,0.8565196189745781,0.8788881477270386,0.8991737772027599,0.9168269639210285,0.9329723237798494,0.9614119763688634,0.9691790933874708,0.9761918215447432,0.9819864590881906,0.9866807745718568,,,,,,,,,,,,,,,,,,,,1214.8187255859375,5.061922891142086e-16,3.3539857733310124e-16
16,5.748949280623676e-16,6.726607710322803e-16,7.773349062498444e-16,8.838494550439864e-16,9.878735385135081e-16,6.874441116369596e-16,7.947511798693681e-16,9.10133491912428e-16,1.0269116531237336e-15,1.1440413610348815e-15,0.8373076810491619,0.8623729237766729,0.8851697529221784,0.905078660756359,0.9233556561539815,0.9461221618150962,0.9563838668928539,0.9658284355699351,0.9737561222136201,0.9803888014455509,,,,,,,,,,,,,,,,,,,,1214.8721923828125,1.0073619904885545e-15,3.3539857733310124e-16
17,8.718805478101033e-16,9.831403777931432e-16,1.1011096405258747e-15,1.2216715335278784e-15,1.340088070162117e-15,1.0762991879097463e-15,1.1988219819043844e-15,1.3265005552446803e-15,1.457091172659266e-15,1.5885724861365047e-15,0.8138806542014633,0.8421873997434902,0.8679112844377144,0.8904853377700356,0.9112530914155434,0.9211529445235469,0.9355163910103418,0.9489521025158988,0.9605152183437077,0.9702726687226404,,,,,,,,,,,,,,,,,,,,1214.9256591796875,1.4989497375262045e-15,3.3539857733310124e-16
18,1.311569938930906e-15,1.4443453261548379e-15,1.585498112456095e-15,1.7324312983986593e-15,1.87925361368801e-15,1.6761414151237662e-15,1.8198415689306802e-15,1.973598607821628e-15,2.135951122261969e-15,2.3000203662580748e-15,0.7851272038347519,0.8169838690469162,0.8461427948531599,0.8718618732962915,0.8956884154109156,0.8818932351395208,0.9023153778796205,0.9217840518543214,0.9389895518801534,0.9536693426190042,,,,,,,,,,,,,,,,,,,,1214.979248046875,1.7275019907058722e-15,3.3539857733310124e-16
19,1.9418553262292847e-15,2.1014760452220244e-15,2.2711466339368084e-15,2.447296250204797e-15,2.61742150595023e-15,2.5508606096888524e-15,2.736377891177181e-15,2.937180060376628e-15,3.152931941629027e-15,3.373220789577935e-15,0.7489989975063172,0.7849861551726225,0.8181525640274911,0.8476579650598176,0.8751841259549219,0.8242120521091594,0.8521726467619376,0.8796420226378325,0.9046875135951626,0.9266015282091752,,,,,,,,,,,,,,,,,,,,1215.03271484375,2.048463209090379e-15,3.3539857733310124e-16
20,2.7882432420333568e-15,2.9646672295486057e-15,3.1467615066572118e-15,3.3264385743896543e-15,3.494843287674647e-15,3.707550662892472e-15,3.967673089930544e-15,4.255162474576694e-15,4.578152962387431e-15,4.934219852196347e-15,0.7034465642789143,0.7441147886948319,0.7818488534124345,0.8158193285692662,0.847795814420911,0.7455229806674487,0.7812636654496928,0.817781097858103,0.8523975164705094,0.8836051945413728,,,,,,,,,,,,,,,,,,,,1215.0863037109375,2.7151031260514574e-15,3.3539857733310124e-16
21,3.732459176438769e-15,3.9042388489321875e-15,4.080310054146915e-15,4.2569411010250694e-15,4.429723257637719e-15,4.962385952614809e-15,5.36519870664764e-15,5.840901869582412e-15,6.41715049001181e-15,7.112465247714825e-15,0.6462378329152433,0.6919251074220293,0.7348639198928565,0.7740545305442498,0.8104286309958626,0.6477539334219998,0.6899851761194299,0.7343158461084978,0.7782333883847848,0.8195170078079849,,,,,,,,,,,,,,,,,,,,1215.1397705078125,4.113374103950542e-15,3.3539857733310124e-16
22,4.331630859513813e-15,4.545185274735986e-15,4.7673965038598585e-15,4.9958244509780755e-15,5.220576485004899e-15,5.9998066847080234e-15,6.645898883173096e-15,7.449941383779965e-15,8.472827769169332e-15,9.797996306326217e-15,0.5684411290082083,0.6205426655093292,0.6693187623857589,0.7145607500669542,0.7564389531182407,0.5377505831163967,0.5833781406756112,0.6328755488559574,0.6837109719946658,0.7332331550304121,,,,,,,,,,,,,,,,,,,,1215.1932373046875,4.681613779912615e-15,3.3539857733310124e-16
23,4.0400288002802315e-15,4.288436620939998e-15,4.5313927810840676e-15,4.7752610752466784e-15,5.013375223960768e-15,6.612849255937795e-15,7.532184786699302e-15,8.727758764319271e-15,1.0316469967088742e-14,1.2482182592216115e-14,0.428840670314234,0.4889277640480422,0.5460196108015145,0.6003940493424679,0.6513191313614614,0.42660920135819674,0.4726848603176846,0.5236102622156222,0.5771542636820673,0.6315836996828829,,,,,,,,,,,,,,,,,,,,1215.246826171875,4.967589043564612e-15,3.3539857733310124e-16
24,2.459000683497592e-15,2.65636623860221e-15,2.931232215975545e-15,3.238988564675132e-15,3.55220900515165e-15,6.7576760217863334e-15,7.891579478459119e-15,9.419868193255811e-15,1.1520170073440974e-14,1.449288048884223e-14,0.22093851050931426,0.2735422986741634,0.33508100275375585,0.40078159822233456,0.46707929153932076,0.32770078144624426,0.37120343846076226,0.4201883172352298,0.47332404316763227,0.5289081577228961,,,,,,,,,,,,,,,,,,,,1215.30029296875,3.336111895836289e-15,3.3539857733310124e-16
25,1.676928847391384e-15,1.8380588725857566e-15,2.0338612368555346e-15,2.295261064821697e-15,2.6397059442850443e-15,6.561864682922345e-15,7.813511124393625e-15,9.541593643742449e-15,1.1965998817677025e-14,1.5481542983204338e-14,0.14197917714786357,0.17944694120120433,0.22568240712954385,0.2820719961636814,0.3539568736990059,0.2508558691897206,0.28981954554996564,0.3349622728499335,0.38568310637346637,0.4401100831375412,,,,,,,,,,,,,,,,,,,,1215.3538818359375,1.921076653603384e-15,3.3539857733310124e-16
26,1.6001329263557826e-15,1.8227520593446174e-15,2.0257950377064966e-15,2.215955048105938e-15,2.395557552230498e-15,6.262022694041907e-15,7.54067186859963e-15,9.342135842268557e-15,1.189996617556581e-14,1.5646891412978178e-14,0.12873271261433816,0.16991430718279604,0.22012379728361814,0.2776701122133766,0.34224723164679643,0.20024581939402247,0.23430107799155314,0.2749185503570021,0.3230269022574985,0.3757605354557758,,,,,,,,,,,,,,,,,,,,1215.4073486328125,1.6508295212324785e-15,3.3539857733310124e-16
27,9.665596317984642e-16,1.152068645605161e-15,1.3206763173741198e-15,1.4783033985911707e-15,1.626187522553408e-15,6.0766340941415485e-15,7.324701574134963e-15,9.117188389167725e-15,1.168198178353487e-14,1.5476921652071638e-14,0.07310139982396156,0.10580331126228905,0.14526979598560424,0.1912063679419662,0.24189931425895733,0.17446255321035994,0.20507470581649465,0.24239665509624353,0.28796510582067913,0.3394786325135599,,,,,,,,,,,,,,,,,,,,1215.4609375,1.2075587569677004e-15,3.3539857733310124e-16
28,3.703223792926378e-16,4.478955798346407e-16,5.217386201745038e-16,5.973250766077236e-16,6.886142594759179e-16,6.1020916139412124e-15,7.310608872400905e-15,9.067092765469956e-15,1.1597617568403133e-14,1.5379504347432027e-14,0.02850418898361361,0.04156207247430083,0.05795187481909225,0.07814508736876463,0.10300479257375093,0.1717522612384952,0.2009646451618841,0.2370534515545168,0.2816288508071925,0.3332330577659732,,,,,,,,,,,,,,,,,,,,1215.514404296875,-3.4071995594510797e-16,3.6885704049413614e-16
29,1.6247205041712599e-16,1.8382267892926788e-16,2.0685194084849316e-16,2.321674582807478e-16,2.6476511282530637e-16,6.329234337675297e-15,7.50310484698236e-15,9.223385956788877e-15,1.172127228806634e-14,1.5474422560417296e-14,0.012793794435611386,0.017596826418948226,0.023743598853883455,0.03140595730548237,0.04121606260984249,0.19066832299730807,0.22115899823514573,0.25843214835342543,0.3041907528403829,0.358181527405002,,,,,,,,,,,,,,,,,,,,1215.56787109375,-2.7396963041585124e-17,4.0370032311459302e-16
30,9.250297647436637e-17,1.0554895900393773e-16,1.1928493296187706e-16,1.3335981180721074e-16,1.4796897337471111e-16,6.600630255737445e-15,7.763782795432303e-15,9.449204841296526e-15,1.1906034693811284e-14,1.5616530804881428e-14,0.00867672484271008,0.011747373102761692,0.01572977516139059,0.020548589502254473,0.02665336694271349,0.23180921274123065,0.26596549861633606,0.3067976593014776,0.3556621275565685,0.41590372746158777,,,,,,,,,,,,,,,,,,,,1215.6214599609375,6.181967262790656e-16,4.1335178709252295e-16
31,6.237228143547674e-17,7.514810877207999e-17,8.898353361329049e-17,1.0324038906610096e-16,1.1870313331475907e-16,6.671505904785867e-15,7.842194066270017e-15,9.47443418645446e-15,1.1861816990427147e-14,1.5428429395362595e-14,0.008615555269355432,0.011814940066933984,0.01595901306571592,0.020892986756129918,0.027249915697679337,0.2959346465726112,0.33551553856936717,0.38135884917882323,0.43465882292459634,0.5036739375737643,,,,,,,,,,,,,,,,,,,,1215.6749267578125,2.2038142926331789e-16,4.168938935894832e-16
32,5.48140580047149e-17,7.267170382920232e-17,9.495709785201771e-17,1.1843530161712496e-16,1.4523260115759658e-16,6.284263756224389e-15,7.475899860239722e-15,9.038987446579192e-15,1.1256669078702547e-14,1.4519433735688388e-14,0.012184878132669857,0.01700836002979448,0.023346103233569872,0.030745149095116657,0.040515896968197365,0.3821731498203306,0.42671321194750145,0.4775131850344248,0.5350127352201469,0.6110807128154226,,,,,,,,,,,,,,,,,,,,1215.728515625,1.6293519420636617e-15,4.562315330280714e-16
33,7.512533834364582e-17,1.168221559268873e-16,1.8333496295163678e-16,2.5531834651584443e-16,3.393579017510039e-16,5.326754899873821e-15,6.570876330647471e-15,8.015391170902531e-15,9.969128664887992e-15,1.2771607978854506e-14,0.02169678282021802,0.03180098578180352,0.04724741219800102,0.06604594261755585,0.09213208575146602,0.48424069689820487,0.5323191993014681,0.5849938220942907,0.6435988115365037,0.7181645177096894,,,,,,,,,,,,,,,,,,,,1215.781982421875,9.669371313226062e-16,4.45842303353083e-16
34,1.7515983460478224e-16,2.895394925432274e-16,4.623443170645998e-16,6.452624706643523e-16,8.512176352931389e-16,4.059795008284424e-15,5.267073829757115e-15,6.546744404753626e-15,8.186841570627113e-15,1.0405904479748654e-14,0.04884078376001737,0.07509204854683191,0.11483687986671312,0.16244698620591194,0.22750377645050682,0.5930769913035422,0.6406960075906603,0.6910429059472125,0.7448263687185751,0.8078689692951607,,,,,,,,,,,,,,,,,,,,1215.8355712890625,2.076326781406783e-15,3.869357146736379e-16
35,4.1296481528303455e-16,6.059029309740416e-16,8.162102656581254e-16,1.023215533700099e-15,1.2214550148561102e-15,2.8967060944838262e-15,3.888507198306914e-15,4.941490161232211e-15,6.246104684026688e-15,7.915619997334064e-15,0.11809167445520165,0.17127651625012533,0.2352256380049479,0.3034961158184841,0.38700658133016097,0.6964472821354254,0.7398287340658932,0.783194427925543,0.8268815687912151,0.8734811336003666,,,,,,,,,,,,,,,,,,,,1215.8890380859375,-5.46294164029457e-17,3.3539857733310124e-16
36,5.687880114966318e-16,7.692748900051464e-16,9.611332813614415e-16,1.15206604432023e-15,1.3307450425797729e-15,2.0022045466741723e-15,2.7121555089702777e-15,3.4938074052977965e-15,4.462946908707441e-15,5.651452860919629e-15,0.2232203840373944,0.29394263915866375,0.3688413136276426,0.44197639303367425,0.5238566054590803,0.785498979167708,0.8208985941798386,0.8546677308151105,0.8864704663521582,0.9173946694563919,,,,,,,,,,,,,,,,,,,,1215.9425048828125,1.629687261231656e-15,3.3539857733310124e-16
37,5.670804719096585e-16,7.296862575501039e-16,8.94161373723889e-16,1.0638746405227016e-15,1.227644358774454e-15,1.384164644869829e-15,1.839194585482913e-15,2.369201883896505e-15,3.037109658307281e-15,3.8517884783966336e-15,0.33860627853560205,0.41368307169668805,0.4878724094158622,0.5566589794014759,0.6293893089519034,0.8550939909221108,0.8812598970534679,0.9052447826773709,0.9263758149732023,0.9453376780824774,,,,,,,,,,,,,,,,,,,,1215.99609375,1.3290085644065085e-15,3.3539857733310124e-16
38,4.938282266778746e-16,6.121666846558356e-16,7.408472382343912e-16,8.786868803167833e-16,1.0195643962139029e-15,9.655080705630589e-16,1.248238990871161e-15,1.5848641197703866e-15,2.0183615902626686e-15,2.549862588267272e-15,0.44555097718795744,0.5169393974439709,0.5850663616654006,0.6463196871831633,0.7086980484283205,0.9047368866859911,0.9227336768991471,0.9384418461375215,0.9517644859776945,0.9630395298376562,,,,,,,,,,,,,,,,,,,,1216.049560546875,5.48867556002334e-16,3.3539857733310124e-16
39,4.0021552358614293e-16,4.906473579653972e-16,5.905619613252823e-16,6.956139894247232e-16,8.044534436367456e-16,6.796087050422085e-16,8.601746726391853e-16,1.0746913054157177e-15,1.3468441342189905e-15,1.6840832866177505e-15,0.5366254270275858,0.6017231238839221,0.6620526372529487,0.7153492264163892,0.7682350029817637,0.9378153376946349,0.9493268911349878,0.959273861249435,0.967642186130138,0.9746097241336649,,,,,,,,,,,,,,,,,,,,1216.1031494140625,3.9144010353823826e-16,3.3539857733310124e-16
40,3.0800282404979644e-16,3.8705836641578417e-16,4.709473335941783e-16,5.56547867815993e-16,6.41128383306854e-16,4.753344250754765e-16,6.036393401732433e-16,7.528834216736154e-16,9.30107952120021e-16,1.1413275955839628e-15,0.6119468241334548,0.6696086038994131,0.7223068302471904,0.7681754069793598,0.8129550571200458,0.9581324088363425,0.9656037979052687,0.9720708588821138,0.9776936672968161,0.9823499212649361,,,,,,,,,,,,,,,,,,,,1216.1566162109375,3.175093473662088e-16,3.3539857733310124e-16
41,2.3145958955176814e-16,3.044337934782464e-16,3.8155414285206695e-16,4.584272230174867e-16,5.328090609772877e-16,3.329519137699592e-16,4.35063029856801e-16,5.498202205474459e-16,6.774429834065422e-16,8.202970858902135e-16,0.6730712281559753,0.723641294615991,0.7693405845484229,0.8087811693789896,0.8466803055212774,0.969967912432602,0.9752372506190932,0.9799659987039245,0.9841492931978948,0.9876208953295473,,,,,,,,,,,,,,,,,,,,1216.210205078125,-3.1281456137693345e-17,3.3539857733310124e-16
42,1.7500747456725785e-16,2.424649061502225e-16,3.160523849644604e-16,3.8828776415043127e-16,4.574296047445436e-16,2.351964275202122e-16,3.2221259887068037e-16,4.198434872696964e-16,5.223944530582589e-16,6.303154932596028e-16,0.7223278635428247,0.7665971891457606,0.8061693972389297,0.8401173607872615,0.8722590283566728,0.9769221706555031,0.9810767999436971,0.9849066900296132,0.9883259021167526,0.9912793972260969,,,,,,,,,,,,,,,,,,,,1216.263671875,-2.466126632112443e-16,3.3539857733310124e-16
43,1.3497067437210984e-16,1.9781807291966207e-16,2.6781237189423674e-16,3.3535224272646053e-16,3.9978153740246443e-16,1.713357665131787e-16,2.476601946455646e-16,3.343317269497251e-16,4.2252066845512787e-16,5.122938132213658e-16,0.7622885056101419,0.8008856543767604,0.8352865478417065,0.8645953659747552,0.892067607432087,0.9812426827745884,0.9847803937734276,0.9880792563209162,0.9910847197657838,0.9936510482314129,,,,,,,,,,,,,,,,,,,,1216.317138671875,1.9191735029198015e-17,3.3539857733310124e-16
44,1.0703827705146995e-16,1.6589368906300923e-16,2.311623587988398e-16,2.9392170064880767e-16,3.532715250272923e-16,1.2969177485083685e-16,1.9841423415937395e-16,2.7609883290049975e-16,3.537030578864195e-16,4.30906788194441e-16,0.7946692139642537,0.8284587526282707,0.8584836926862792,0.8839517984642786,0.9076470426507518,0.9842054286767637,0.9873056810721872,0.9902033413581981,0.992897363586587,0.9951534602088725,,,,,,,,,,,,,,,,,,,,1216.3707275390625,-2.816744538623132e-17,3.3539857733310124e-16
45,8.780967034651905e-17,1.4243123192582616e-16,2.025133358923788e-16,2.6022304597602827e-16,3.1474378401510955e-16,1.0290248889041165e-16,1.647465227168361e-16,2.343438394098165e-16,3.032314384283453e-16,3.71137412373813e-16,0.8211541455943776,0.8508458015523348,0.8771960987060059,0.8994657697805407,0.9201491627596249,0.9863892542603233,0.9891291519302674,0.9917107624333426,0.9941137110673304,0.9961538403609499,,,,,,,,,,,,,,,,,,,,1216.4241943359375,-1.827240914338454e-16,3.3539857733310124e-16
46,7.432049179731393e-17,1.2454603127659607e-16,1.7944426000791004e-16,2.32294480678069e-16,2.8241730194374677e-16,8.45964334599846e-17,1.406980249962627e-16,2.0297600325540995e-16,2.6450108716851883e-16,3.2464197136698e-16,0.8429443817637665,0.8691785843255194,0.8924210968285794,0.9120498649451351,0.9302290431220738,0.9880534876764907,0.9904863722761712,0.9927865667678606,0.9949376856723122,0.9967888169031409,,,,,,,,,,,,,,,,,,,,1216.477783203125,2.811909833378882e-16,3.3539857733310124e-16
47,6.451191043861191e-17,1.1039766270170183e-16,1.6052617403986215e-16,2.0877748298825123e-16,2.5483940292414115e-16,7.203938897634055e-17,1.2259117054008556e-16,1.7845644083092336e-16,2.335997195130363e-16,2.8735949387534215e-16,0.8609067624291943,0.8842845322432408,0.9049139011451126,0.9223028004746207,0.9383762471101234,0.9892734008290439,0.9914577918961045,0.9935178393593569,0.9954455489260479,0.9971177941885349,,,,,,,,,,,,,,,,,,,,1216.53125,3.5319439544777927e-16,3.3539857733310124e-16
48,5.720530642418662e-17,9.888783658755856e-17,1.4462104304975148e-16,1.887834778158797e-16,2.3103680769977916e-16,6.277561798777365e-17,1.0835090510308955e-16,1.5858876869257248e-16,2.082110443008517e-16,2.5665544663466534e-16,0.8756473905653859,0.8965877268184266,0.9149922058744766,0.9305032616167044,0.944811634393165,0.9899185408393065,0.991887422467361,0.9937448647135568,0.9954786601491962,0.9969871366377364,,,,,,,,,,,,,,,,,,,,1216.584716796875,2.575370853599994e-16,3.3539857733310124e-16
49,5.130419807282728e-17,8.922791676806977e-17,1.309838718895603e-16,1.7145473165866004e-16,2.1024965539427128e-16,5.568174658587562e-17,9.671478794214902e-17,1.4210087534485392e-16,1.86981794942243e-16,2.307462273616955e-16,0.8872457616344115,0.906063164036146,0.9225783560630425,0.9364831776114143,0.9492899443813112,0.9895094084750533,0.9912972169362668,0.9929774971919894,0.9945426052593014,0.9959039089814193,,,,,,,,,,,,,,,,,,,,1216.6383056640625,1.4532939999247076e-16,3.3539857733310124e-16
50,4.633167076956046e-17,8.091028431736769e-17,1.190751487609259e-16,1.5616970713684417e-16,1.9184801927862147e-16,4.987192654739621e-17,8.693531666792328e-17,1.2804419261914639e-16,1.6872042942264015e-16,2.0842297372298607e-16,0.8950051838393169,0.9119683096836125,0.9268345861815155,0.9393609843542893,0.9508680713296908,0.9869039770366972,0.9885277642104213,0.9900534512167585,0.9914693856905181,0.9927009346846455,,,,,,,,,,,,,,,,,,,,1216.6917724609375,9.090590523993646e-17,3.3539857733310124e-16
51,4.2011530727780354e-17,7.349868516025117e-17,1.083872419244227e-16,1.424290739580701e-16,1.751534509817907e-16,4.482346531461111e-17,7.83966725951964e-17,1.156924978111456e-16,1.5265956388594993e-16,1.8870818213533398e-16,0.8974003990670425,0.912703108620436,0.9261139072133728,0.9374124262612268,0.9477705514470178,0.9801387605062923,0.9816196230598235,0.9830057506009018,0.9842892715202347,0.9854039267048949,,,,,,,,,,,,,,,,,,,,1216.745361328125,-1.6640176654025504e-16,3.3539857733310124e-16
52,3.804381407560928e-17,6.670150114027845e-17,9.850047677424522e-17,1.296100877235752e-16,1.5958550980334922e-16,4.035751950570828e-17,7.071763346625362e-17,1.0450096310684032e-16,1.38030236140573e-16,1.7075950139301408e-16,0.8921628066232696,0.9059844170827258,0.9180712818919828,0.9282552260135073,0.9375725822798527,0.9666345624423247,0.9679819684341278,0.9692393278287219,0.9704019192229095,0.9714100136562668,,,,,,,,,,,,,,,,,,,,1216.798828125,-4.4563382736894004e-17,3.3539857733310124e-16
53,3.431404067619576e-17,6.023472294231889e-17,8.906176418377391e-17,1.17317156604794e-16,1.4457290537724277e-16,3.621572296434881e-17,6.354234906462331e-17,9.399793526042171e-17,1.242390126244476e-16,1.538389565381236e-16,0.8772219107247222,0.8896301221621534,0.900474887182132,0.9096085823416236,0.9179630156589873,0.9439443930457957,0.9451641306652537,0.9463000079506663,0.9473478110440116,0.9482549630411496,,,,,,,,,,,,,,,,,,,,1216.8524169921875,-1.163689067744828e-16,3.3539857733310124e-16
54,3.030989756769701e-17,5.325918321815755e-17,7.882605908019669e-17,1.0393838375195668e-16,1.281793840665521e-16,3.1840617796503925e-17,5.594917674069068e-17,8.283668193726793e-17,1.0955744735248866e-16,1.356923331363563e-16,0.8381481762660544,0.84905667571693,0.8585901718161025,0.8666115392915941,0.8739548402114562,0.8967186503564492,0.8977988883888249,0.89880349294148,0.8997283810999401,0.9005277616517435,,,,,,,,,,,,,,,,,,,,1216.9058837890625,-8.666058934318771e-17,3.3539857733310124e-16
55,2.2902474664780514e-17,4.0255790483396497e-17,5.962954699378488e-17,7.867701895402804e-17,9.705981426971686e-17,2.3995079968248305e-17,4.218169881297777e-17,6.248382106742446e-17,8.268304765963945e-17,1.0242573480368415e-16,0.6699506889110605,0.6781614815513045,0.6853394517280519,0.6913765672786413,0.6968992965485923,0.7140023380524915,0.7148197662576645,0.7155793484341052,0.7162777945530798,0.7168811540429978,,,,,,,,,,,,,,,,,,,,1216.9593505859375,3.821454786591188e-16,3.3539857733310124e-16
