,lya_model_low_2sig,lya_model_low_1sig,lya_model_median,lya_model_high_1sig,lya_model_high_2sig,lya_intrinsic_low_2sig,lya_intrinsic_low_1sig,lya_intrinsic_median,lya_intrinsic_high_1sig,lya_intrinsic_high_2sig,lya_ism_low_2sig,lya_ism_low_1sig,lya_ism_median,lya_ism_high_1sig,lya_ism_high_2sig,lya_reversal_low_2sig,lya_reversal_low_1sig,lya_reversal_median,lya_reversal_high_1sig,lya_reversal_high_2sig,lya_intrinsic_fluxes,vs_n value,am_n value,fw_L_n value,fw_G_n value,h1_col value,h1_b value,h1_vel value,h1_col2 value,h1_b2 value,h1_vel2 value,h1_col3 value,h1_b3 value,h1_vel3 value,d2h value,p value,wave_lya,flux_lya,error_lya
0,1.4616231958709476e-14,1.5025456597762444e-14,1.546477178060608e-14,1.5913824700712847e-14,1.635229430640516e-14,1.5114145432399868e-14,1.5540452352272126e-14,1.6005504791971142e-14,1.647649701901192e-14,1.6935711024870665e-14,0.6688314827054862,0.6699894238385018,0.6711655665554888,0.6722909600191814,0.6733571167052584,0.6919863617746435,0.6921180549766086,0.6922480094636385,0.6923715995631957,0.6924796864479305,1.6235392562790284e-12,8.816344543714633,-10.480821874785608,12.69060979709645,94.50938472684891,18.014355260689026,11.814602082275337,7.409292324189191,13.189552845472226,,-29.86887817631528,,,,,1.0008411902909815,1214.5034203751095,1.834624744061642e-14,9.312581765843e-15
1,1.8208166412545145e-14,1.8716702024261817e-14,1.92636854991415e-14,1.982253350790618e-14,2.0368686004390515e-14,1.8837505449560265e-14,1.936865044836892e-14,1.9947858651410797e-14,2.0534376713955615e-14,2.110608359662327e-14,0.8201175681137695,0.8215594429296771,0.823022677032326,0.8244239076128199,0.825751364579523,0.8489401760347213,0.8491042265142946,0.8492662535633064,0.8494202669364065,0.8495550318745195,1.6956083224575238e-12,9.273282738165813,-10.4455084940744,13.267501087409729,95.73360481945895,18.035499926776588,12.02520955732688,7.949498456258018,13.570794383405431,,-26.247818826833797,,,,,1.0056548787965418,1214.516299763381,1.6823129735522684e-14,9.624183164281229e-15
2,2.0430992777102863e-14,2.1001150044802857e-14,2.1613718102049563e-14,2.2240425710473903e-14,2.2852727901633185e-14,2.1149512710535846e-14,2.174518065466569e-14,2.239485287703559e-14,2.305340443993266e-14,2.3694783591157745e-14,0.9035684456487627,0.9051847723372095,0.9068250728789046,0.9083962915962482,0.9098846551538253,0.9358801776977453,0.9360643399591052,0.9362462003854836,0.9364190226483585,0.9365705010534914,1.7757200554302376e-12,9.705065428702989,-10.40713650928328,13.897380341188489,97.01501535999378,18.057335256140444,12.247516985571588,8.395372729320824,14.013859757931176,,-21.76233908785813,,,,,1.022462843521323,1214.5291789027654,2.318312574789254e-14,9.042122451718808e-15
3,2.1538735843686788e-14,2.2140274339857546e-14,2.2785717733702146e-14,2.3444848812803402e-14,2.4090289039005783e-14,2.2314610278143275e-14,2.2940837176801707e-14,2.3625928280728586e-14,2.43204215788315e-14,2.4997399198651533e-14,0.9324982020736658,0.9342001978806653,0.9359278131786934,0.9375836420447565,0.9391508027371002,0.9665270775787618,0.9667212780113101,0.9669130171544962,0.9670953159486597,0.9672552670262227,1.8619003335324183e-12,10.131199153660159,-10.368162735311488,14.552109029231403,98.31168637806243,18.078678476239023,12.47434835530655,8.82114214380962,14.59571095322528,,-17.069429361100827,,,,,1.0587352607065066,1214.5420577932769,2.2793722679183108e-14,1.0567807513675673e-14
4,2.2352650103190576e-14,2.2975348072806672e-14,2.3644074113917074e-14,2.4327040929069823e-14,2.4996819620558165e-14,2.3173674166324735e-14,2.3824317588331048e-14,2.453504355235161e-14,2.5255541890085706e-14,2.5959036842336837e-14,0.9461646901561467,0.9479308677588266,0.9497196241395486,0.9514374960301165,0.9530620343665966,0.9814386204166032,0.9816404612738089,0.9818394807561016,0.9820285708582802,0.9821946599405477,1.9432857586684932e-12,10.54671124981367,-10.330021855573412,15.183031142607588,99.55089529382266,18.099298400300242,12.742947170850071,9.226234558159161,14.926241155765211,,-14.512470125664136,,,,,1.1160177352579677,1214.5549364349292,2.6014335068155932e-14,9.575010360594275e-15
5,2.3051637494994497e-14,2.369327926338518e-14,2.4382022068492578e-14,2.5085067377572614e-14,2.5775334865722598e-14,2.3917383185216975e-14,2.4588289614094942e-14,2.5321628311543537e-14,2.606335185715659e-14,2.678852132492693e-14,0.9533050192558247,0.9551278503711037,0.9569690978386448,0.9587411540268299,0.9604129212175515,0.989639421055737,0.9898477353798251,0.9900533420788961,0.9902485715278686,0.9904200522103016,,,,,,,,,,,,,,,,,1214.567814827738,2.0217427924395896e-14,8.839723928972393e-15
6,2.3684133975359027e-14,2.4343037494246654e-14,2.504951409048175e-14,2.5772112161671443e-14,2.6480698648836285e-14,2.459506226110826e-14,2.5283526825159308e-14,2.6037345211569592e-14,2.6799621435954398e-14,2.7543191482848326e-14,0.9562588948962025,0.9581313754541425,0.9600222774244938,0.9618399613675805,0.9635557402754732,0.9935451568300973,0.9937589579792935,0.9939706337559013,0.9941711196823695,0.9943476069621757,,,,,,,,,,,,,,,,,1214.580692971717,2.3332642309675973e-14,9.535226917127635e-15
7,2.4291065253280805e-14,2.496657884566925e-14,2.568986448145396e-14,2.6429298620518958e-14,2.715530102252175e-14,2.5248919597507914e-14,2.5954092021507527e-14,2.6727363513606104e-14,2.7509026655560505e-14,2.8270069545749145e-14,0.9569527520233398,0.9588714481623344,0.9608072163669312,0.9626709249582894,0.9644274592151929,0.995142591656039,0.9953620906723473,0.9955793243289437,0.9957849166948887,0.995965978954826,,,,,,,,,,,,,,,,,1214.593570866881,2.2989012901436165e-14,9.936662088852813e-15
8,2.48987902940909e-14,2.5591225271769317e-14,2.632990973003829e-14,2.7085900899178184e-14,2.782968912599271e-14,2.5903523729819616e-14,2.662686705006212e-14,2.741895510074948e-14,2.8219364954230463e-14,2.8999325758810244e-14,0.9565689616735564,0.9585321998810303,0.9605130449809554,0.9624211043822264,0.964219981004197,0.9956560334864446,0.9958814028427505,0.9961043406063266,0.9963153244305512,0.9965009553868167,,,,,,,,,,,,,,,,,1214.6064485132438,1.137416678583577e-14,8.826438217194709e-15
9,2.5515974548891084e-14,2.6224936044688698e-14,2.6980398608630422e-14,2.7753404630678218e-14,2.851177631176659e-14,2.6571350093103365e-14,2.7311969452563813e-14,2.8124619355758045e-14,2.894281523441785e-14,2.974137887709495e-14,0.9555497046422571,0.9575575726780985,0.9595843785874749,0.9615379504153972,0.9633782762848806,0.995544226028011,0.9957755132132162,0.9960041423081594,0.9962205936619177,0.9964109611099012,,,,,,,,,,,,,,,,,1214.6193259108206,2.1850404108682622e-14,9.266089821434106e-15
10,2.6157050436249134e-14,2.6883003648044952e-14,2.7656231004065545e-14,2.844627945494794e-14,2.9223454714194883e-14,2.7265967622122797e-14,2.802477025099567e-14,2.885737230582979e-14,2.9696110492495855e-14,3.051342541695937e-14,0.9544944297354848,0.9565467240742318,0.9586227597378876,0.9606239173091294,0.9625070212999914,0.9954272826396087,0.9956651662397608,0.9958999881490638,0.9961218864058204,0.9963171985609349,,,,,,,,,,,,,,,,,1214.632203059625,2.4367381146173615e-14,9.949636939538854e-15
11,2.6823434831615588e-14,2.7567201393369026e-14,2.8359007437748298e-14,2.916647416085241e-14,2.9959991065021703e-14,2.7989233144930218e-14,2.8766898806901665e-14,2.962073746068201e-14,3.048056801400844e-14,3.13174104204266e-14,0.9533966223061042,0.955500357217985,0.9576266616200643,0.9596767241670194,0.9616045993167004,0.9953067101916754,0.995550349981156,0.9957915367029448,0.9960190862696221,0.9962197703981094,,,,,,,,,,,,,,,,,1214.6450799596719,2.4537797398897603e-14,9.65609682463493e-15
12,2.7517398787499344e-14,2.8278747027421952e-14,2.9088280408076484e-14,2.9915762262612773e-14,3.072395234868167e-14,2.8743612067363836e-14,2.9539527528138e-14,3.041623134939302e-14,3.129712615019925e-14,3.21519925393229e-14,0.9522621524621193,0.9544171962459972,0.9565957520541544,0.9586943482338984,0.9606694198153657,0.9951802896644647,0.9954309250302201,0.9956784327232402,0.9959117043723834,0.9961182847268619,,,,,,,,,,,,,,,,,1214.6579566109763,2.5518636140829665e-14,1.0540806644416048e-14
13,2.823941455363915e-14,2.901764727857288e-14,2.984727403690595e-14,3.069416983351677e-14,3.152447013943522e-14,2.952972618547896e-14,3.034642097508719e-14,3.1244789137072815e-14,3.2147039596271493e-14,3.3024252989505656e-14,0.9510868556109715,0.9532952505067943,0.9555278476040473,0.9576759971166092,0.9596998864744763,0.9950486345866107,0.995306535400963,0.9955604565491303,0.9957999056063103,0.9960125029657635,,,,,,,,,,,,,,,,,1214.6708330135514,2.9494009095914694e-14,1.0109887102829895e-14
14,2.8990595789370375e-14,2.978758586879171e-14,3.063664910866358e-14,3.150487171703385e-14,3.235765485909508e-14,3.0350175897578085e-14,3.1189467023589124e-14,3.2108811080532836e-14,3.303561631830466e-14,3.3934598170562045e-14,0.9498715113710042,0.9521305135698416,0.9544196749253783,0.9566201318426963,0.9586940683303339,0.994910893231994,0.9951763738455716,0.9954373880848285,0.9956831529348458,0.9959021676826506,,,,,,,,,,,,,,,,,1214.6837091674124,3.0842817584858864e-14,1.0693112485694791e-14
15,2.977387273612715e-14,3.0589571115979467e-14,3.145820752600869e-14,3.23493351683872e-14,3.32208241226845e-14,3.120745468972381e-14,3.206783642788765e-14,3.3010371829687605e-14,3.3960009646818686e-14,3.488291406399568e-14,0.948610253289797,0.95092283082071,0.9532701508991066,0.9555240650590103,0.9576492948310736,0.9947678862586475,0.9950405630154678,0.9953087060026804,0.9955617377864147,0.9957867216301146,,,,,,,,,,,,,,,,,1214.6965850725733,2.792462814530782e-14,1.0391348527905974e-14
16,3.0589591919213124e-14,3.142520625223863e-14,3.2316465416796206e-14,3.3228743262997504e-14,3.411808771031895e-14,3.2104360311263385e-14,3.2984531626614873e-14,3.395342664508631e-14,3.492891869533441e-14,3.587340821229593e-14,0.9472995075619278,0.9496673769612853,0.9520764643140334,0.9543863921836624,0.9565659620271245,0.9946185636670183,0.9948984640115803,0.9951742407441133,0.9954346205968788,0.9956656538261539,,,,,,,,,,,,,,,,,1214.7094607290487,3.751619376485618e-14,1.1003395900867092e-14
17,3.144056245231398e-14,3.2298036326063506e-14,3.321050614927237e-14,3.414545325303411e-14,3.5057722282681235e-14,3.304132410656332e-14,3.394384786830126e-14,3.4937877878789134e-14,3.594149676834498e-14,3.690913686522244e-14,0.9459384285137782,0.9483651471595189,0.950835002811009,0.9532047049353558,0.9554408339185213,0.9944605406695294,0.9947495198527904,0.9950338129459799,0.995301628485417,0.9955390190381893,,,,,,,,,,,,,,,,,1214.7223361368533,2.6103363313110042e-14,1.0668301196603818e-14
18,3.2329490073230093e-14,3.3207884808482685e-14,3.4143967156257725e-14,3.510142371530724e-14,3.6038323645081895e-14,3.402481032461309e-14,3.494694292410237e-14,3.5969697982447215e-14,3.700041947465923e-14,3.7995648096332485e-14,0.9445244411233572,0.9470127443499678,0.9495462522653021,0.9519769133309368,0.9542706794975079,0.9942975509046412,0.9945945843723303,0.9948867542430045,0.9951625812708476,0.9954070175369788,,,,,,,,,,,,,,,,,1214.7352112960014,2.0903368757609585e-14,9.93391431397192e-15
19,3.3256038021442327e-14,3.415879288970232e-14,3.511900570717714e-14,3.61011840211504e-14,3.7062351456823666e-14,3.505408423792812e-14,3.599896974483878e-14,3.704871451046733e-14,3.810852822475097e-14,3.9134314405703274e-14,0.943054776416177,0.9456053929922139,0.948207314928732,0.9507005217205481,0.9530513855168737,0.9941268804852549,0.9944318517570713,0.9947327342304983,0.9950169189711646,0.9952690075606032,,,,,,,,,,,,,,,,,1214.7480862065065,2.7440499688041048e-14,1.123122574082187e-14
20,3.422838466093399e-14,3.515335310961136e-14,3.613990158332617e-14,3.71463479439385e-14,3.813518634219882e-14,3.6129807636045475e-14,3.7102464797896744e-14,3.818173230075986e-14,3.927119109680004e-14,4.032568886418756e-14,0.9415243150662383,0.944144206663626,0.9468150779634228,0.949372058157465,0.9517868573491699,0.9939463261314864,0.9942611155526664,0.9945714656757951,0.9948645571717791,0.9951234237326503,,,,,,,,,,,,,,,,,1214.7609608683842,3.511389312996216e-14,1.1162466147262608e-14
21,3.524607339806296e-14,3.6192599944470504e-14,3.720824637059717e-14,3.8240612948747114e-14,3.92535023363801e-14,3.7260310968710815e-14,3.826060626452379e-14,3.936901823037447e-14,4.0488931677812845e-14,4.1576207270599504e-14,0.9399278803965887,0.9426244060466641,0.9453659665402336,0.9479905739758898,0.9504709343495569,0.9937564620938115,0.9940819069824004,0.9944022083868008,0.9947043888091446,0.9949713027560803,,,,,,,,,,,,,,,,,1214.7738352816484,3.510758104043922e-14,1.0962028505789086e-14
22,3.630978195571829e-14,3.728229880098519e-14,3.832484122370045e-14,3.938705102125309e-14,4.0423376699810485e-14,3.844806752138745e-14,3.9479100165257055e-14,4.0617474265960764e-14,4.176953724590537e-14,4.2884891698723303e-14,0.9382677529361203,0.9410412141340733,0.9438552653168094,0.9465536817018488,0.9491000833930737,0.9935583965253352,0.9938938681695242,0.9942240621662365,0.9945359450289846,0.9948114266032626,,,,,,,,,,,,,,,,,1214.7867094463138,3.838235610419127e-14,1.1689416355177822e-14
23,3.743002021757432e-14,3.842665953480571e-14,3.9496727262006844e-14,4.058837281076785e-14,4.165251885113484e-14,3.9699561617869556e-14,4.0760729858887705e-14,4.192899065016929e-14,4.311516547212182e-14,4.426671243691154e-14,0.9365434133912783,0.939391152641389,0.9422843235250064,0.9450564296239751,0.9476732154550289,0.9933501619677645,0.9936957854112947,0.994036996523124,0.9943593035418289,0.9946435138769008,,,,,,,,,,,,,,,,,1214.7995833623943,4.3545150666714216e-14,1.1660056499160094e-14
24,3.860755522810076e-14,3.963044997615316e-14,4.0726342986581075e-14,4.184769693259544e-14,4.2941527449137654e-14,4.101460549681354e-14,4.2109494508726634e-14,4.330982263420297e-14,4.453194997942864e-14,4.572220317669466e-14,0.9347470705675852,0.9376721361963473,0.9406461739006902,0.9434968981313362,0.9461859902340515,0.9931287582073818,0.9934875549547415,0.9938397961547423,0.99417269605267,0.994468035130039,,,,,,,,,,,,,,,,,1214.8124570299044,2.914745742400686e-14,1.1317329181009111e-14
25,3.983674347021611e-14,4.08964272930248e-14,4.201875319787851e-14,4.317273724502176e-14,4.429263763998962e-14,4.240614307330901e-14,4.353297543660282e-14,4.476524577289249e-14,4.602812956043314e-14,4.72508895488673e-14,0.9328744314446397,0.9358813689683506,0.9389385254605354,0.9418681637157961,0.9446340178876138,0.9928951943423521,0.9932674116442415,0.9936320955953066,0.9939759978797197,0.9942820512432075,,,,,,,,,,,,,,,,,1214.825330448859,3.646104821059329e-14,1.1823428825894714e-14
26,4.114453914743218e-14,4.222586800027918e-14,4.337866288353101e-14,4.4565283891671554e-14,4.571909197981284e-14,4.3876158735586126e-14,4.503508915742073e-14,4.630328166078072e-14,4.76011151966025e-14,4.8858939306489704e-14,0.9309198990767692,0.9340093738189995,0.9371578177335693,0.9401682428573359,0.9430159506714271,0.9926514263240912,0.9930351832107424,0.9934121721489346,0.9937685882195116,0.9940861116700364,,,,,,,,,,,,,,,,,1214.838203619272,4.26530826717203e-14,1.2255697690965843e-14
27,4.252285473676352e-14,4.3625110583943957e-14,4.4812265077533986e-14,4.603294706496056e-14,4.721580556186493e-14,4.543504757137018e-14,4.6619991704016923e-14,4.7929895567007644e-14,4.9263237652628686e-14,5.055917667897066e-14,0.9288806684209691,0.9320611889465629,0.9352983722948582,0.9383943089167458,0.9413258536555215,0.9923910743379112,0.9927894667768368,0.9931799349975968,0.9935493774027696,0.9938785543978399,,,,,,,,,,,,,,,,,1214.8510765411577,4.5008078210576064e-14,1.2195122129742952e-14
28,4.39755881423134e-14,4.510803328906213e-14,4.632725844322273e-14,4.757855297078088e-14,4.879348683725436e-14,4.7083307613500323e-14,4.830102135724714e-14,4.9654507293623676e-14,5.103096394684726e-14,5.235862824725263e-14,0.9267502048175718,0.9300251973104454,0.933352546244496,0.9365403656525306,0.9395601058674609,0.9921154573913007,0.9925296005158,0.992933696201683,0.9933163739931086,0.9936579439211385,,,,,,,,,,,,,,,,,1214.8639492145312,5.1991783545524833e-14,1.2334484460554702e-14
29,4.551269989345551e-14,4.667606069611475e-14,4.7927655039777424e-14,4.921240505822502e-14,5.046128137563279e-14,4.883502604528641e-14,5.008923061334159e-14,5.148476374122992e-14,5.2903585823938046e-14,5.428005881979797e-14,0.9245221643802923,0.9278975218216082,0.9313208910804438,0.9346039464767173,0.9377142357331525,0.9918223346834031,0.9922534932809833,0.9926720544454044,0.9930691460369643,0.9934234479508786,,,,,,,,,,,,,,,,,1214.8768216394062,3.694905438469259e-14,1.1128290061906791e-14
30,4.7141564972003444e-14,4.83393103226767e-14,4.962261386112286e-14,5.094680068226696e-14,5.222679438995946e-14,5.0693267737843265e-14,5.199316975108143e-14,5.342855149299639e-14,5.489219433289288e-14,5.632286265513118e-14,0.9221880234575953,0.9256689692310943,0.929196787121042,0.9325828605826292,0.9357833796930859,0.9915112370726157,0.9919600977413364,0.9923936334898484,0.9928062653093338,0.99317458448116,,,,,,,,,,,,,,,,,1214.889693815797,4.787711432819794e-14,1.2196761138495889e-14
31,4.8878748011843624e-14,5.0106491306893046e-14,5.1423044527863584e-14,5.278516120308832e-14,5.408847569729392e-14,5.2684088668456243e-14,5.402170626903054e-14,5.550180716545524e-14,5.7013168103839e-14,5.847125877035611e-14,0.9197434766188607,0.9233368661609639,0.9269752197950272,0.930464117777249,0.9337632344689193,0.9911816915595378,0.991645226496716,0.9920969942362958,0.992526323290866,0.9929089565779868,,,,,,,,,,,,,,,,,1214.9025657437187,4.720027401696955e-14,1.2640941827904255e-14
32,5.073170466684093e-14,5.198357931886794e-14,5.334413157957896e-14,5.4738265960857345e-14,5.6079414660299787e-14,5.482102714128777e-14,5.618758086234193e-14,5.771637744044275e-14,5.928602800374844e-14,6.077734218574172e-14,0.9171931525246084,0.92089235658468,0.9246424232205896,0.9282426023794851,0.9316452386549176,0.9908281840488427,0.991309418349426,0.9917803607778677,0.9922275964445623,0.9926251778739955,,,,,,,,,,,,,,,,,1214.915437423185,7.383488623020212e-14,1.4383041266785752e-14
33,5.2713509421754445e-14,5.399345335945404e-14,5.5390341831407916e-14,5.681934878125643e-14,5.819742846407408e-14,5.710141369996913e-14,5.851266774163545e-14,6.009268691912275e-14,6.170520223543718e-14,6.323924136444555e-14,0.9145100293316996,0.9183304908192463,0.9222009160069824,0.9259137873439769,0.9294174604787672,0.9904503889230708,0.9909502549261985,0.9914398415724566,0.9919072261907816,0.9923205520514362,,,,,,,,,,,,,,,,,1214.9283088542106,6.461389583101163e-14,1.3892590555600673e-14
34,5.48275099868457e-14,5.615058917411776e-14,5.758343897484729e-14,5.90463881192194e-14,6.046286555045031e-14,5.955202214222802e-14,6.102071420897327e-14,6.264548834797145e-14,6.430592481148732e-14,6.588839428199183e-14,0.9116937808340022,0.9156519102577135,0.9196423740215955,0.9234715945362545,0.9270988687182151,0.9900425600214929,0.9905632304728487,0.9910739951892246,0.9915627424813294,0.991993165459322,,,,,,,,,,,,,,,,,1214.9411800368102,5.752719806594031e-14,1.2446754442548523e-14
35,5.7105157492068e-14,5.846770131385328e-14,5.99409175533269e-14,6.143985293784199e-14,6.288631225553463e-14,6.221314497709668e-14,6.372502066215119e-14,6.540721830983386e-14,6.711310452967471e-14,6.8743740185157e-14,0.9087567089020289,0.9128414605882943,0.9169546031416967,0.9209111066125042,0.9246557763586115,0.9896019806611305,0.9901455891387146,0.9906787696710448,0.991190475333261,0.9916425160017603,,,,,,,,,,,,,,,,,1214.9540509709975,6.41170737379973e-14,1.3102246982407261e-14
36,5.95618999396744e-14,6.097200863871971e-14,6.247894544394533e-14,6.401803721511737e-14,6.550049907733836e-14,6.509108861374422e-14,6.665031459809686e-14,6.838554306186631e-14,7.014856031589935e-14,7.183341531893065e-14,0.9056665908504588,0.9098832984915319,0.91413067444417,0.9182161942667252,0.9220893037278367,0.9891211522006601,0.9896927570218101,0.9902508231683178,0.9907888838677452,0.9912616153859789,,,,,,,,,,,,,,,,,1214.9669216567875,6.258761006206273e-14,1.391337166192861e-14
37,6.224058965362679e-14,6.367568809769127e-14,6.522500784561175e-14,6.680349780400181e-14,6.831590255552833e-14,6.823077336648714e-14,6.983260538704579e-14,7.162849195803112e-14,7.344949889752751e-14,7.519254263786168e-14,0.9023996019644743,0.9067733416103883,0.9111627499836644,0.9153888339080215,0.9193834361164206,0.9886028820957499,0.9891980831529562,0.9897858070804924,0.990351450469112,0.9908452216367589,,,,,,,,,,,,,,,,,1214.979792094194,7.950488412154094e-14,1.4924530795240587e-14
38,6.516154440510266e-14,6.661666004641487e-14,6.821351485517453e-14,6.983395736093209e-14,7.138732092283885e-14,7.165256275895992e-14,7.330436101511815e-14,7.516459752828987e-14,7.705532249352768e-14,7.88577931915561e-14,0.8989929092050752,0.9035054684300375,0.9080432893733426,0.9124116880632949,0.9165299152706247,0.9880371281339383,0.9886590222647557,0.9892766727422331,0.9898721198528971,0.9903912774183908,,,,,,,,,,,,,,,,,1214.992662283232,8.09920232551671e-14,1.471618779527034e-14
39,6.835135039181372e-14,6.983599623292394e-14,7.147307318377194e-14,7.314110160533588e-14,7.472904978999897e-14,7.540043868616488e-14,7.712219107165658e-14,7.903955511536349e-14,8.099480491564144e-14,8.286805919104292e-14,0.8953964530367353,0.9000636487820527,0.9047609184038293,0.9092775446587401,0.9135242094975574,0.9874087186851755,0.9880678152470093,0.9887195853978243,0.9893476855645159,0.9898963936163655,,,,,,,,,,,,,,,,,1215.005532223915,8.460673296944304e-14,1.5761099497464508e-14
40,7.184512039311525e-14,7.337376904166158e-14,7.50423028855775e-14,7.676172729595408e-14,7.840262606880189e-14,7.954534750528766e-14,8.133497865818151e-14,8.3326220688789e-14,8.533905587128132e-14,8.7274688018298e-14,0.8916124531038558,0.8964424328690472,0.9012962438169732,0.9059739778535456,0.9103684161600066,0.9867183325329065,0.9874166590039568,0.9881047844358888,0.988767868551219,0.9893504119535501,,,,,,,,,,,,,,,,,1215.0184019162587,8.974257155545257e-14,1.472175618986559e-14
41,7.568021054769092e-14,7.726771751692015e-14,7.89874706943386e-14,8.076060893926858e-14,8.245536537922588e-14,8.410741719865176e-14,8.599204811931749e-14,8.80663460845977e-14,9.013944022203857e-14,9.213534360195003e-14,0.887614377630299,0.8926189128804995,0.8976469902457518,0.9024894196598646,0.9070393127676882,0.9859574240990974,0.9866934535153946,0.9874255236238411,0.9881302656641026,0.9887478970236644,,,,,,,,,,,,,,,,,1215.0312713602764,8.904999676019598e-14,1.52352428090842e-14
42,7.993927667829466e-14,8.157660856456938e-14,8.335257998398472e-14,8.518643538314499e-14,8.692765083590458e-14,8.923180275872996e-14,9.118029484071747e-14,9.333766679500039e-14,9.551120213972535e-14,9.760528573345478e-14,0.8834023685683695,0.8885825200021342,0.89379536322822,0.8988106030976095,0.9035241569099712,0.9851006684650712,0.9858859220046565,0.9866665376669084,0.9874160259321539,0.9880808169018745,,,,,,,,,,,,,,,,,1215.0441405559827,1.118897726207213e-13,1.6871466517690697e-14
43,8.465059952164983e-14,8.636277387874547e-14,8.820557446905999e-14,9.009483327594996e-14,9.189931826203337e-14,9.494922846405796e-14,9.698265812080185e-14,9.923020527267958e-14,1.0152193060721966e-13,1.0372251888143482e-13,0.8789479691471332,0.8843161923450386,0.8897208853586875,0.8949265874035445,0.8998134337460312,0.9841460872800056,0.9849827937881477,0.9858166497783244,0.986618939639868,0.9873258056048562,,,,,,,,,,,,,,,,,1215.0570095033922,8.471362175112296e-14,1.6119770516781658e-14
44,8.992164343510387e-14,9.168877284905167e-14,9.362812975252436e-14,9.559082894592647e-14,9.750386818466322e-14,1.0134786857986738e-13,1.0350456817893508e-13,1.0583564356390311e-13,1.083115186575584e-13,1.1061591781265569e-13,0.8742570823332212,0.8798145292889722,0.8854147387502358,0.8908184803124917,0.8958792703548334,0.9830736399261623,0.9839664132692876,0.9848591235299016,0.9857239788947454,0.9864797061201077,,,,,,,,,,,,,,,,,1215.069878202519,1.1229302128998656e-13,1.6678737723070138e-14
45,9.582022464057626e-14,9.767098897390964e-14,9.971132593678057e-14,1.017884398053659e-13,1.0379662537030746e-13,1.0851679697670981e-13,1.1083146217128095e-13,1.1329066455591474e-13,1.1592619426598717e-13,1.1840845776904852e-13,0.8692865196796772,0.8750516803903176,0.8808577676438347,0.8864665814194238,0.8917112668160893,0.9818618125238604,0.982816428508991,0.9837816594432334,0.9847120770086992,0.9855269080681965,,,,,,,,,,,,,,,,,1215.0827466533776,1.299742377527252e-13,1.7753671661046785e-14
46,1.024583904672226e-13,1.0441282121879702e-13,1.0656341585708457e-13,1.0875633690252674e-13,1.1089325634771274e-13,1.1660319528976607e-13,1.19128373475613e-13,1.2176771714534263e-13,1.2459281823789433e-13,1.2736081554181265e-13,0.8639868962248645,0.8700020493563922,0.8760315801778803,0.881854070949762,0.8873069248180648,0.980476402456558,0.9815103296018333,0.9825581157453597,0.9835634894401373,0.984450251846804,,,,,,,,,,,,,,,,,1215.0956148559826,1.405906099004317e-13,1.827552865985016e-14
47,1.0990425369226069e-13,1.1200856154302358e-13,1.1432608926067604e-13,1.1668459599655874e-13,1.1901341057504256e-13,1.2576734165715882e-13,1.2854271097681259e-13,1.3140312498722344e-13,1.3446375972386839e-13,1.3762957602391416e-13,0.8583841310118935,0.8646400986636184,0.8709178679539483,0.8769672708233207,0.882627689032132,0.9788976789970617,0.9800192678239725,0.981159604791861,0.9822534254589493,0.9832173494050573,,,,,,,,,,,,,,,,,1215.108482810348,1.4020704627686065e-13,1.7935624502512376e-14
48,1.183072905794338e-13,1.205862679352821e-13,1.230976640615497e-13,1.2565136760769625e-13,1.2826749850524241e-13,1.3619515251107178e-13,1.3925360188673463e-13,1.4241772525071223e-13,1.4583318296175727e-13,1.4934999301047883e-13,0.8524496842720464,0.8589680521904111,0.8654807268102678,0.8717731834211783,0.8776541883151229,0.9771006310347227,0.9783215211972283,0.9795680382680199,0.9807597978356333,0.9818145637920821,,,,,,,,,,,,,,,,,1215.1213505164883,1.5567951929754825e-13,1.96821268186537e-14
49,1.277446705118007e-13,1.3029288044789438e-13,1.3305541921037483e-13,1.359070938166189e-13,1.3879018814575766e-13,1.4808341165421233e-13,1.514409710432735e-13,1.5501699527746075e-13,1.5887111348725755e-13,1.6285258535236876e-13,0.8461207727972969,0.8529325549747895,0.8597007831895864,0.8662416629765255,0.8724034517140229,0.9750400522635081,0.9763742285579295,0.9777386911570011,0.9790458534405901,0.9802049609325996,,,,,,,,,,,,,,,,,1215.1342179744177,1.6707049968738702e-13,1.9865075770865263e-14
50,1.384692079626802e-13,1.4130721770047473e-13,1.4439415935454786e-13,1.4761022702886386e-13,1.5084930186684919e-13,1.6161048534613976e-13,1.6543981119910379e-13,1.694785826987881e-13,1.738430700935444e-13,1.7843422654773557e-13,0.8393979563302182,0.8464960936201296,0.8535564386617558,0.8603561618168861,0.8667958513379077,0.9726639888984032,0.9741368155578988,0.9756326232409441,0.97707605993868,0.9783468546413348,,,,,,,,,,,,,,,,,1215.147085184151,1.4625865622786005e-13,1.8348378575511713e-14
51,1.5060033213222967e-13,1.5382970343202433e-13,1.5728272724659298e-13,1.6093828619413075e-13,1.6463865222677583e-13,1.7707714695690672e-13,1.8150129516145237e-13,1.8610483077441108e-13,1.911031704440773e-13,1.9639691968090435e-13,0.832263880532805,0.8396510332413095,0.8470075660462475,0.8540945963574766,0.8608034397758567,0.9698923790067139,0.9715539139899539,0.9732087693879921,0.9747965774743648,0.9762027816771455,,,,,,,,,,,,,,,,,1215.1599521457022,1.8113147700477006e-13,2.056608362614471e-14
52,1.6435404674375595e-13,1.6801241206308886e-13,1.7195639072023633e-13,1.7607176984785354e-13,1.8022351440925745e-13,1.9483915600085993e-13,1.99882787157685e-13,2.052380447781152e-13,2.1091763491500644e-13,2.1701396040116583e-13,0.8246456560450133,0.8323497561968447,0.8400284870142902,0.847404385479422,0.8543954148852488,0.9667288461769278,0.9685729294956522,0.9704128063487931,0.9721752582812189,0.9737241781733864,,,,,,,,,,,,,,,,,1215.1728188590855,2.300575637111113e-13,2.2300092206314036e-14
53,1.7997950697071526e-13,1.8412894658713452e-13,1.8860464589064998e-13,1.9325186626689016e-13,1.9793302490803109e-13,2.1511389375804136e-13,2.2095303045477509e-13,2.2722984770090598e-13,2.3375111355183495e-13,2.4081203438104606e-13,0.8165014699872755,0.8245555731166313,0.8325679772999782,0.8402646552375723,0.8475702380581663,0.9631040781100462,0.9651530907415904,0.9671809162342169,0.9691293959052198,0.9708513309117465,,,,,,,,,,,,,,,,,1215.185685324316,2.0537285522377602e-13,2.2133101354828745e-14
54,1.9762187066316585e-13,2.023745791448512e-13,2.0744774729597218e-13,2.1271258307408076e-13,2.1803272975345836e-13,2.3846681855888833e-13,2.4521499368825845e-13,2.5244345934070837e-13,2.599986819542413e-13,2.681459337520252e-13,0.8077947141912476,0.8161994643329837,0.8245697855846312,0.8326205812206315,0.8402401506347729,0.9589433234534074,0.9612198661593612,0.9634671885859275,0.9656351763765934,0.9675416453046151,,,,,,,,,,,,,,,,,1215.1985515414071,2.376244004082678e-13,2.3156982923008482e-14
55,2.1758645978271794e-13,2.2300464451637894e-13,2.2869153221196227e-13,2.3459616930525497e-13,2.405765939512872e-13,2.650550050314223e-13,2.7294787494910734e-13,2.81358976297131e-13,2.901473173645288e-13,2.9949801953040967e-13,0.7984054588816719,0.8071987812963787,0.8159388558741857,0.8243682157996004,0.832344545359123,0.954175673467767,0.9566851858557698,0.9591801874324392,0.9615854269729888,0.963747681630796,,,,,,,,,,,,,,,,,1215.211417510374,2.4111509772280215e-13,2.2818174826304445e-14
56,2.3992643742793546e-13,2.460485805208771e-13,2.524459303292267e-13,2.5905497524788285e-13,2.6576831890082766e-13,2.9531832889846996e-13,3.0467722726980075e-13,3.144500760533131e-13,3.2457099254285775e-13,3.3533328451373004e-13,0.7881783127489306,0.7973973029653486,0.8065504754221655,0.815374070591418,0.8237134951305789,0.9487087621968707,0.9514908390305499,0.9542501342268475,0.9569252173615667,0.9593413798928447,,,,,,,,,,,,,,,,,1215.2242832312306,2.8314560440202696e-13,2.4722899508861085e-14
57,2.646733559477963e-13,2.71607113731356e-13,2.7869480828618287e-13,2.8602403137830305e-13,2.9332798674597466e-13,3.29949378088256e-13,3.4084342158164774e-13,3.5210610469002044e-13,3.6376214637728636e-13,3.762388791574921e-13,0.7767223656885733,0.7865006831024814,0.7961357412839556,0.8053845001145593,0.8141895084054052,0.9424704761534229,0.9455559767267235,0.9486068911598853,0.9515794232646831,0.9542708835619715,,,,,,,,,,,,,,,,,1215.2371487039911,3.130696656777898e-13,2.6041404547084285e-14
58,2.9186704985915737e-13,2.9939750299838794e-13,3.0725333315852926e-13,3.15345602102248e-13,3.232123009996487e-13,3.693132914292288e-13,3.8182620660938e-13,3.9481997599794733e-13,4.082689721118821e-13,4.2285138016159616e-13,0.7635636438831991,0.7740649076877744,0.7841782330236025,0.7939539609876354,0.8033175134480041,0.9353430936402516,0.9387769911680588,0.9421542328759713,0.9454472026809517,0.9484382026656947,,,,,,,,,,,,,,,,,1215.2500139286703,3.2097084321988656e-13,2.637875066492136e-14
59,3.2090968174153235e-13,3.289489339459376e-13,3.375664255500739e-13,3.4620792901185824e-13,3.5456043877139973e-13,4.1389087495021373e-13,4.282078567057098e-13,4.4310841047110126e-13,4.586579580589118e-13,4.754032626294337e-13,0.7475061201796319,0.7591115866299537,0.7698928983819906,0.780328418920275,0.7902848538515395,0.927279784239071,0.9310918058427827,0.9348161441911109,0.9384484375880844,0.9417552789495827,,,,,,,,,,,,,,,,,1215.2628789052824,3.4811967219473827e-13,2.6966372995815453e-14
60,3.5064371140539e-13,3.591509689563154e-13,3.6821937888290036e-13,3.773223634255257e-13,3.857881676515851e-13,4.638018083875589e-13,4.802785200484299e-13,4.973409438744713e-13,5.151835222733739e-13,5.347615672148715e-13,0.7268448218329562,0.7398001793773751,0.7515508239083744,0.763030153488456,0.773834390358825,0.9181713689540756,0.9223919592529845,0.9264884082324081,0.9304698053319342,0.9341867142848376,,,,,,,,,,,,,,,,,1215.2757436338418,3.5487360120801947e-13,2.7403592768463284e-14
61,3.7821271104496367e-13,3.8704106935544905e-13,3.9613929341033973e-13,4.05408949194341e-13,4.1368890731379946e-13,5.195590605758831e-13,5.383697781129468e-13,5.57843877466509e-13,5.783550243105602e-13,6.009086307482355e-13,0.6973783320655087,0.7123147162199085,0.7256905036424601,0.7387229444579457,0.7507787365524443,0.9079074579874489,0.9126071603871153,0.9170851006162963,0.9214536556342365,0.9255554450615608,,,,,,,,,,,,,,,,,1215.2886081143622,3.759957026717303e-13,2.8309128587318544e-14
62,3.968194336597539e-13,4.0613063492824617e-13,4.152597173866513e-13,4.242897850740625e-13,4.3268242089654087e-13,5.813151252147807e-13,6.026434409539258e-13,6.251045495600516e-13,6.485820171319956e-13,6.745625285255946e-13,0.6493183997140325,0.6685843671010453,0.6851627863502882,0.7012554243070901,0.7155030243230192,0.896538758117918,0.9016370244183641,0.9065143607954029,0.9112956673712825,0.9158195381469182,,,,,,,,,,,,,,,,,1215.301472346859,4.1653990369774907e-13,2.943301255931702e-14
63,3.9244950475881335e-13,4.0445700474324216e-13,4.1507383951688783e-13,4.2490096284753414e-13,4.3432840079080826e-13,6.493930602765112e-13,6.733699679060952e-13,6.991306236412284e-13,7.259888025755805e-13,7.555031257106691e-13,0.5713352685648182,0.5980022253385624,0.6194155621474552,0.6404030266255019,0.658987064631268,0.8838895632250778,0.8894243296276889,0.894739254407521,0.899899001406586,0.9048397192124704,,,,,,,,,,,,,,,,,1215.314336331346,3.8954646799926884e-13,2.8582022274133145e-14
64,3.54166259638869e-13,3.7109198155674206e-13,3.845550204514078e-13,3.972886338331877e-13,4.091499186241532e-13,7.232830215926061e-13,7.503815766074675e-13,7.800452629068972e-13,8.109311923932575e-13,8.443771677355966e-13,0.4627317511854493,0.4945691924703425,0.520790790403239,0.5468195637399689,0.5706803130573392,0.8699443410661886,0.8759111248690522,0.8816544565287604,0.8872176493892588,0.8926272716820867,,,,,,,,,,,,,,,,,1215.3272000678376,3.829068138949676e-13,2.8848820711859305e-14
65,2.9325064095123556e-13,3.1108905580364357e-13,3.260475162440735e-13,3.407795830486905e-13,3.5500660873818854e-13,8.030652013592426e-13,8.33879882712924e-13,8.678216496297972e-13,9.027763312803847e-13,9.408505611514114e-13,0.3451169304124731,0.3744357513603276,0.4011222642372542,0.42855130602559616,0.4542328347911133,0.8545453594846747,0.8610902129724207,0.8672224011019363,0.8731757522642726,0.8790302741324587,,,,,,,,,,,,,,,,,1215.3400635563476,3.484173670062485e-13,2.73849546554919e-14
66,2.3800626521641057e-13,2.518776293270929e-13,2.648530844337884e-13,2.779767311094196e-13,2.908525340548457e-13,8.881596531994863e-13,9.233137584123171e-13,9.620470740284132e-13,1.0015579920418552e-12,1.0450970882904953e-12,0.24897767612709162,0.2716951579929667,0.29379059589238465,0.3172750010825054,0.3397164303464799,0.8378821510881869,0.8448274081198471,0.8514105086397625,0.8577733275541192,0.8640027483957041,,,,,,,,,,,,,,,,,1215.3529267968913,2.7525589229790426e-13,2.5065846208545406e-14
67,2.1165583150342266e-13,2.2079717172990655e-13,2.3102066463922875e-13,2.412606382662637e-13,2.5119560351431936e-13,9.787479648925176e-13,1.0181812137634304e-12,1.0619865713348653e-12,1.1069935333997987e-12,1.1556561877317695e-12,0.19353538088927139,0.209502186003546,0.2268691885435861,0.24474643133765936,0.263133290995034,0.8198105701148601,0.8272222844850308,0.8342257555101393,0.8409879672777938,0.8475559333470856,,,,,,,,,,,,,,,,,1215.3657897894825,2.1033476067626455e-13,2.2336121599758445e-14
68,2.2278764235069465e-13,2.319632922895116e-13,2.4191999364622023e-13,2.5185087567449837e-13,2.6183511568573465e-13,1.0736707314900658e-12,1.1179533036711901e-12,1.1668290903208766e-12,1.2180212227665095e-12,1.2717156616734574e-12,0.17971998717975407,0.19289527690962713,0.20770600925584384,0.22343229977401086,0.2392442684283661,0.800347842032801,0.8082693061216756,0.815661459226201,0.8228296050952926,0.8296930432156133,,,,,,,,,,,,,,,,,1215.3786525341357,2.2505729105424394e-13,2.2979931014175704e-14
69,2.8190998806100824e-13,2.932473309185235e-13,3.0500297354330214e-13,3.173153703028034e-13,3.3113474161132744e-13,1.1713841616779474e-12,1.2213171968396806e-12,1.2761253793637815e-12,1.3334250052408401e-12,1.3934310442605591e-12,0.20447476727280886,0.21797102849278943,0.23320866125663448,0.24912387499755803,0.2655515944725071,0.7795291194246602,0.7880277029940813,0.7957961755795188,0.8032929451287714,0.810490524872414,,,,,,,,,,,,,,,,,1215.3915150308649,2.585225328081975e-13,2.3972640075830588e-14
70,3.918229137849518e-13,4.0408582371062774e-13,4.1728600605605825e-13,4.306974960951025e-13,4.4600960583689796e-13,1.2714905359372036e-12,1.3268749069352234e-12,1.388085145552247e-12,1.452604518523402e-12,1.5167672085337554e-12,0.26167958514331063,0.27594752051418364,0.2920245413223099,0.3085666086306354,0.32548662427036607,0.7574395414989235,0.7666279297703796,0.7747031579603161,0.7824910043969229,0.7898980972859546,,,,,,,,,,,,,,,,,1215.4043772796851,3.539391002504999e-13,2.787202062301975e-14
71,5.281924338642041e-13,5.386938013603938e-13,5.502104056622801e-13,5.618683585493494e-13,5.732903166416171e-13,1.3739089653511465e-12,1.4338639770775737e-12,1.501875926795245e-12,1.5734695749310947e-12,1.6446867883270472e-12,0.32873163609623324,0.3427328334809039,0.3584820114065621,0.374783315525871,0.39091193461025076,0.7343613935136964,0.7441482080138955,0.7525119502523377,0.7605395452764568,0.7681282178491742,,,,,,,,,,,,,,,,,1215.41723928061,4.73258964569373e-13,3.131608877380773e-14
72,6.386651807057362e-13,6.484867114124983e-13,6.585256471347182e-13,6.684552919055747e-13,6.786399556559612e-13,1.4746429812748637e-12,1.5403875995459066e-12,1.6160105882819866e-12,1.6951244411739494e-12,1.774619051406573e-12,0.372575426813956,0.3872577149114397,0.4034032433384385,0.4196421781151832,0.43556536128498685,0.7102376594413788,0.7206793082126993,0.7293000177423287,0.7375238554647539,0.7452277924616104,,,,,,,,,,,,,,,,,1215.4301010336542,6.096490499929441e-13,3.521465955749932e-14
73,6.929302885344804e-13,7.046058711640274e-13,7.162666293886002e-13,7.278791400283629e-13,7.393519839090471e-13,1.5728535941455343e-12,1.6462030662322643e-12,1.728296435291092e-12,1.8155884821735232e-12,1.9030218801493843e-12,0.3806201830908808,0.3973748073169896,0.41436661812163744,0.43167489281991656,0.44825293778817776,0.6852232925723145,0.6963502028386077,0.7053686759810913,0.713675339351511,0.7214159881801404,,,,,,,,,,,,,,,,,1215.4429625388318,6.483544170293731e-13,3.6253945266857823e-14
74,6.951852651379551e-13,7.095575106234197e-13,7.229000418353262e-13,7.365206913788119e-13,7.493236312684053e-13,1.6686322250891527e-12,1.7484715193899585e-12,1.8376252141731987e-12,1.9331179105562865e-12,2.0283890451177864e-12,0.3611597002662023,0.37893996210245107,0.3967341593585031,0.41473866612983595,0.432462718855075,0.6596134490458898,0.6715365507863336,0.6807705743704808,0.6890944535542209,0.6969010842713799,,,,,,,,,,,,,,,,,1215.4558237961578,7.101925384583874e-13,3.768008447575452e-14
75,6.545477263477428e-13,6.701024271992456e-13,6.847168141299725e-13,6.994910501086892e-13,7.131349174104621e-13,1.7593698491159626e-12,1.8460893002911004e-12,1.9426282723026973e-12,2.0457758776224774e-12,2.1473709524899317e-12,0.3226913254475048,0.3403502847423143,0.35800006819119345,0.3764504825168048,0.3939608985892347,0.6334563949906247,0.6463181427005141,0.6557635726196729,0.6641061995259199,0.671835988977668,,,,,,,,,,,,,,,,,1215.4686848056456,7.000979115011352e-13,3.761318581358038e-14
76,5.698367120509512e-13,5.879029573613124e-13,6.048530246939207e-13,6.207587424391529e-13,6.349472754340245e-13,1.8455948934576444e-12,1.9384612450694826e-12,2.0410233608882544e-12,2.1521238384539203e-12,2.2609498267708053e-12,0.2695168305867705,0.2859680975262151,0.30280728543509794,0.32047808040596665,0.33736701333612246,0.6070037546405415,0.6208846378696292,0.6306733940455342,0.6389252305305784,0.6464484258184633,,,,,,,,,,,,,,,,,1215.4815455673101,6.068084945111407e-13,3.509197191728722e-14
77,4.468906063244088e-13,4.653819280998515e-13,4.842589735677083e-13,5.017942665683904e-13,5.162401515835709e-13,1.9238453003882917e-12,2.0235236954184493e-12,2.132902691533665e-12,2.251358889144106e-12,2.3662149587332076e-12,0.2048361021591643,0.21888154213994637,0.23377299223573011,0.24942894571729987,0.2645476657444558,0.5808542200232475,0.5956970067019671,0.6055744714284433,0.6137581039083633,0.6210486648400853,,,,,,,,,,,,,,,,,1215.4944060811656,4.835708114318826e-13,3.1483628502642844e-14
78,3.029288574389755e-13,3.183023488095838e-13,3.347181951731099e-13,3.5185830185625207e-13,3.68841219408535e-13,1.99542305999902e-12,2.100654525763971e-12,2.216036396616167e-12,2.3415640947812177e-12,2.462590279799191e-12,0.13567484333504765,0.14594294812253933,0.15738420916555523,0.16921096403327573,0.18093376982048867,0.5551843189442504,0.5707726350077121,0.5808626970110842,0.5888650449513784,0.5958523055070943,,,,,,,,,,,,,,,,,1215.5072663472265,3.4608364893502774e-13,2.78931371543948e-14
79,1.6252233179463998e-13,1.7649819427402884e-13,1.9186904876321342e-13,2.0775782703950687e-13,2.2297463906634087e-13,2.0587999712017333e-12,2.1692830568447075e-12,2.2904240155205422e-12,2.4219189141379966e-12,2.5485488165856347e-12,0.0735020483924167,0.08073471667997285,0.08853548226985328,0.09701663949030685,0.10545953803787689,0.5299538188215609,0.5463388516444163,0.556645631093498,0.5644942779657817,0.5711566778176769,,,,,,,,,,,,,,,,,1215.5201263655067,1.820582394692835e-13,2.2835289974036665e-14
80,7.467403399734847e-14,8.239392052200357e-14,9.237950140224145e-14,1.0446544518235713e-13,1.1809614837055802e-13,2.113633403752112e-12,2.229077162795031e-12,2.3558219952757477e-12,2.4926155697170363e-12,2.62498117589358e-12,0.03395949401184445,0.03786096991843015,0.04244285312597888,0.04806100377271568,0.05393075384183648,0.505831918110762,0.522751240225402,0.5332444738102411,0.5408435565251004,0.5470919886134984,,,,,,,,,,,,,,,,,1215.5329861360206,9.436467449455699e-14,2.1419128813258623e-14
81,3.375597604777636e-14,3.727912023416094e-14,4.192117796732417e-14,4.7770233749832394e-14,5.4889471122923784e-14,2.161101080734239e-12,2.279568258476698e-12,2.4119616355704585e-12,2.553566789038844e-12,2.689250389766754e-12,0.015336562669230358,0.017125052598228357,0.01925628820665967,0.021920411219008788,0.024898156937495322,0.4824953627832797,0.5001087906464994,0.5107957413570698,0.5181679242061259,0.5239856952007519,,,,,,,,,,,,,,,,,1215.5458456587833,4.3099225089434506e-14,2.2353401071882432e-14
82,1.5543478410991323e-14,1.7043930662039642e-14,1.9044681458463065e-14,2.169853339826305e-14,2.495387628589328e-14,2.199798758133544e-12,2.3219561504585676e-12,2.458217350582287e-12,2.6041016794572986e-12,2.7439139726505377e-12,0.007025573994823935,0.007803286965052781,0.008739073466225912,0.009935088128984615,0.011300713054670087,0.46045719852419165,0.47850099980930505,0.4895749942950894,0.49665498292812904,0.5021105048027662,,,,,,,,,,,,,,,,,1215.558704933808,1.277842713370489e-14,2.4817453796763082e-14
83,7.21205258701432e-15,7.924471869850906e-15,8.812811812864437e-15,9.900627922015634e-15,1.125001966074629e-14,2.2315238313328095e-12,2.3568227444040242e-12,2.496123076906798e-12,2.6450797688438147e-12,2.789066340316721e-12,0.003231706526774908,0.003591938558777529,0.004012152053517293,0.004521143482924738,0.005096092132008889,0.43968243902023646,0.4582754705947086,0.469650667635652,0.476469007734041,0.48150210031794854,,,,,,,,,,,,,,,,,1215.57156396111,8.825570008423773e-15,2.7601259765166336e-14
84,3.0805751968186243e-15,3.4441568816135985e-15,3.907151615983515e-15,4.452442217187591e-15,5.110485265742883e-15,2.2562553939774786e-12,2.3837520006211655e-12,2.525958798749238e-12,2.6777731501876957e-12,2.824159756305177e-12,0.0013654520591759205,0.0015479966782898783,0.001755342079802039,0.002009812694228875,0.0022859705775690477,0.4203697533885043,0.43954843306576086,0.45114504044645465,0.45776971956078777,0.46238625236441605,,,,,,,,,,,,,,,,,1215.5844227407026,3.8429114016945605e-15,2.722997303713278e-14
85,1.119672974385486e-15,1.2967162274095916e-15,1.529754329089699e-15,1.820977807293991e-15,2.1643578369484946e-15,2.275072893937832e-12,2.4035497570483063e-12,2.5489294734628797e-12,2.7028370638435252e-12,2.852391028137888e-12,0.0004923031759822675,0.0005758444359482297,0.0006788310766211668,0.0008071390808767238,0.000951731277463059,0.4029819551158934,0.4223429049132325,0.4342510077780737,0.44072689123993847,0.44481763401967317,,,,,,,,,,,,,,,,,1215.597281272601,3.44663499943134e-14,2.6606411098286688e-14
86,3.117089332419477e-16,3.8512064325959576e-16,4.9067208321122325e-16,6.316944958342145e-16,8.020229078793485e-16,2.2887921208936226e-12,2.4184419149734742e-12,2.565224722790575e-12,2.7209456963999355e-12,2.8728640484489098e-12,0.0001354509490558554,0.0001692167534590957,0.0002146301776336131,0.00027447208685853425,0.00034530248182011855,0.38730394830663156,0.4069341801463013,0.41900053041336655,0.42536273526359075,0.42905294127112903,,,,,,,,,,,,,,,,,1215.6101395568191,3.92028498151422e-14,2.371052064810506e-14
87,4.913392014510114e-17,7.192682708425677e-17,1.1069218142451401e-16,1.697559765998391e-16,2.43212861568634e-16,2.296926878822908e-12,2.4280508783408517e-12,2.5768324845838118e-12,2.7336986823384847e-12,2.8866643345462833e-12,2.1112688684807153e-05,3.109427312080035e-05,4.761965974578475e-05,7.219837374248203e-05,0.0001025341921086274,0.37353776665665284,0.39328452170854683,0.4055205264448819,0.41169980014048846,0.4150270246590691,,,,,,,,,,,,,,,,,1215.6229975933713,4.945178584659336e-14,1.9794750013386528e-14
88,1.532377406452471e-18,3.9986311208500894e-18,1.211565359751192e-17,2.840897721673848e-17,5.2266683355309084e-17,2.301931909257723e-12,2.4345059373818052e-12,2.5843076187313246e-12,2.7422632043417776e-12,2.8960638303061317e-12,6.418766310998663e-07,1.6881515385789095e-06,5.118787525717398e-06,1.1944379268416777e-05,2.1819985645689794e-05,0.36171228207582895,0.38145093342389425,0.3937626282248652,0.3999040264067368,0.4028994947318982,,,,,,,,,,,,,,,,,1215.635855382272,3.7134097202349767e-14,1.5939018768035274e-14
89,1.5436074543879793e-22,4.199328305065868e-21,1.2674865203428933e-19,1.254699379703958e-18,5.108915946697097e-18,2.304073796191227e-12,2.4381943632355977e-12,2.5885926216555007e-12,2.747339692635671e-12,2.901956495463282e-12,6.6285401710444e-11,1.7556986873381864e-09,5.1922606227948115e-08,5.153496570703049e-07,2.0404510222682314e-06,0.35162716574179487,0.371491004279893,0.3838768620344017,0.3899383027135948,0.39258925736012207,,,,,,,,,,,,,,,,,1215.6487129235354,2.0269854181633254e-14,1.3760538966156675e-14
90,1.3560846253044852e-35,9.267675101664485e-30,1.150070244873823e-25,1.2583255721924928e-22,9.926143315432347e-21,2.305475756349399e-12,2.439819777425691e-12,2.590826617357532e-12,2.7494657936718454e-12,2.9054282368089543e-12,5.282446536823395e-24,3.7701403925928645e-18,4.752783574952541e-14,5.06226176110873e-11,4.111656151417812e-09,0.34337858947145133,0.3632694426896887,0.3758088868155093,0.38187712998169676,0.3842247509850415,,,,,,,,,,,,,,,,,1215.6615702171755,2.4163873010266297e-14,1.1437557884575334e-14
91,6.244217655559896e-79,1.4022424373550659e-58,3.0183522956768895e-46,6.37082828582734e-37,1.624597808264452e-30,2.305050320112952e-12,2.439841886545243e-12,2.591423133849141e-12,2.7508544975175073e-12,2.9069607200252764e-12,2.473896801872692e-67,5.659704428888806e-47,1.2056979440131178e-34,2.553016999567838e-25,6.367807449381181e-19,0.3371005853592916,0.35698756804900744,0.3696163867984375,0.3756858080675631,0.37778213301200586,,,,,,,,,,,,,,,,,1215.6744272632072,2.4907144421481946e-14,1.0881452802615627e-14
92,1.6438226986012295e-211,1.4671252405181013e-151,2.7918424659071846e-115,3.53614587869713e-87,3.894858553224365e-67,2.3048047832288577e-12,2.439789370580195e-12,2.59136879550183e-12,2.7510901834898775e-12,2.9076018810960276e-12,6.062491717955018e-200,5.932841897008692e-140,1.1245717445406183e-103,1.422144821612395e-75,1.6083365214628959e-55,0.33275693022994285,0.352620812756575,0.36533002620441857,0.371408028984175,0.37331611814002064,,,,,,,,,,,,,,,,,1215.6872840616445,7.948913777905148e-15,9.083976043708537e-15
93,0.0,0.0,5e-324,3.813518547693794e-248,3.892227284763069e-191,2.304783567186746e-12,2.439461047213284e-12,2.5914092941139235e-12,2.751092297673e-12,2.907679502913103e-12,0.0,0.0,2.586963569175e-312,1.2552067246314289e-236,1.5781286950449966e-179,0.33036259515457284,0.3501723315977565,0.36292318801969337,0.3689845748146195,0.3707878836574932,,,,,,,,,,,,,,,,,1215.7001406125016,-1.8481824804703366e-15,9.372699929274374e-15
94,4.6777296462614245e-255,2.161895210275926e-232,1.871119974341721e-210,2.8565202873080074e-190,8.593386750085875e-172,2.3047736666096346e-12,2.4394157984140925e-12,2.591404493265394e-12,2.751101644884901e-12,2.907664231567892e-12,1.801941557837798e-243,8.239029297044654e-221,7.346183131351901e-199,1.1335920875033142e-178,3.379185481334823e-160,0.3299068720221248,0.34963484070400913,0.3624298614880134,0.3684687656680074,0.37025360300973464,,,,,,,,,,,,,,,,,1215.7129969157936,1.2958004894786379e-14,9.905173639038634e-15
95,6.365557191454488e-90,1.1142962087759071e-81,1.3124174046631122e-73,2.3117535232860646e-66,8.169797900094475e-60,2.3047968110719504e-12,2.4396217570163247e-12,2.5914133115060638e-12,2.7511064204475153e-12,2.907542414937209e-12,2.427106311754823e-78,4.31368225356435e-70,5.137591630151489e-62,9.156774877812198e-55,3.351520054090098e-48,0.33137600713544263,0.3510653347906419,0.36381480583198605,0.3698526637386431,0.3716713112818039,,,,,,,,,,,,,,,,,1215.7258529715334,1.6372474326265506e-14,9.992362128431308e-15
96,1.1501700931032045e-36,5.57868934838915e-34,2.236616898101848e-31,4.131681685069241e-29,4.07475701779945e-27,2.3049146015227607e-12,2.4397563552410277e-12,2.591406190516791e-12,2.7509702238213097e-12,2.906925064043526e-12,4.559287657519788e-25,2.2106263531665475e-22,8.878217541682527e-20,1.6235626779908172e-17,1.5880146410525598e-15,0.334656770753473,0.3543288793266148,0.36713133049885815,0.37313114357794136,0.3750823735502003,,,,,,,,,,,,,,,,,1215.738708779736,6.558317342024661e-15,9.50814896786981e-15
97,1.9382875000330454e-21,1.1512874920648989e-20,6.15343830164069e-20,2.4974430521748885e-19,8.105267177628579e-19,2.3054593129472977e-12,2.4401813987154836e-12,2.5913573246821284e-12,2.750143571446142e-12,2.9060837009692588e-12,7.774419439809498e-10,4.646863246570578e-09,2.463409451807069e-08,9.931056533399886e-08,3.1939332480322656e-07,0.3399900661825239,0.35957737665741185,0.3723035170639203,0.3782868989098857,0.38045686068481277,,,,,,,,,,,,,,,,,1215.751564340416,6.7529701719849095e-15,9.03974313616997e-15
98,1.5858876826871118e-17,2.5081318952010674e-17,3.737504004442388e-17,5.158251632501679e-17,6.764589376242691e-17,2.3053547633217086e-12,2.4395147492953765e-12,2.5900485923146502e-12,2.7484446771936016e-12,2.9034991783009747e-12,6.398317285238254e-06,1.0253448443014864e-05,1.5216915885611365e-05,2.1118726212976476e-05,2.784761542433953e-05,0.34720561003746786,0.3666961939944426,0.3793577048671224,0.38533917834232645,0.38782391584827247,,,,,,,,,,,,,,,,,1215.7644196535875,8.89391794397067e-15,9.71251091298796e-15
99,1.8891758587810115e-16,2.2942675719632504e-16,2.75719607007093e-16,3.2491605551930253e-16,3.7685945403411055e-16,2.3035774179330126e-12,2.437479317111077e-12,2.5869507594392076e-12,2.744959900576309e-12,2.897895081601163e-12,7.653243423252857e-05,9.424057020924438e-05,0.00011381504305856032,0.00013549823225034912,0.0001587800300769288,0.3564089297963,0.3756999496102862,0.38827821129687046,0.3942560803385223,0.3970851410753724,,,,,,,,,,,,,,,,,1215.7772747192648,5.404343795124399e-15,1.0160502403626023e-14
100,7.728941297524435e-16,8.791624008606343e-16,9.97058749713583e-16,1.119765976213765e-15,1.2463284511068917e-15,2.3010408301411316e-12,2.4328860922173972e-12,2.581556062726014e-12,2.7379121884767477e-12,2.8907838936146727e-12,0.0003155162279838932,0.0003627144211935173,0.00041603342895238545,0.00047420444933583253,0.000532841927118711,0.36720254565873117,0.38649713982217254,0.39904183567487284,0.40504704974962635,0.40827656895874803,,,,,,,,,,,,,,,,,1215.7901295374618,3.0976979556890947e-15,8.885704265481145e-15
101,2.256825060182863e-15,2.491258380605434e-15,2.7501735648345526e-15,3.0153713986367668e-15,3.283381543332374e-15,2.2951230417424855e-12,2.4252200090909743e-12,2.5722059899965003e-12,2.727245873393947e-12,2.8786829236843128e-12,0.000921375738713025,0.001033844311040442,0.0011578129639352114,0.001290820155183794,0.0014265180377218236,0.3800435676838384,0.39921350829034097,0.41160752945681667,0.4177068079707622,0.42134680532987406,,,,,,,,,,,,,,,,,1215.8029841081934,-2.7752450064053545e-15,8.988719565493266e-15
102,5.499706343920625e-15,5.958461570603223e-15,6.456324325186187e-15,6.964152309993809e-15,7.475931389403439e-15,2.2860885787106304e-12,2.41367933617875e-12,2.55834072879637e-12,2.7114358661415254e-12,2.8608561867698304e-12,0.0022525666379846804,0.002484272959262124,0.002740324019464666,0.0030154397215620544,0.003288948773836839,0.39467863204975384,0.4136501239821191,0.42591512240290696,0.4321827589178212,0.4362452404474092,,,,,,,,,,,,,,,,,1215.8158384314734,1.2447191511549306e-14,1.0162326065561462e-14
103,1.1936130869074434e-14,1.2838234550192217e-14,1.3823678882385795e-14,1.4841566629749234e-14,1.5875671762203608e-14,2.271329500745185e-12,2.3974885297079312e-12,2.539514997978237e-12,2.690040195151545e-12,2.835751042646897e-12,0.004920195570918373,0.005386893801424449,0.005910180219426627,0.0064755637476488085,0.007033265806609603,0.4113348359091262,0.4298294907097892,0.4419452374732694,0.4483918064807174,0.45285074269346276,,,,,,,,,,,,,,,,,1215.8286925073164,7.423979508404399e-15,1.0553604465216113e-14
104,2.5334365339267632e-14,2.7392735257293482e-14,2.967998011720766e-14,3.20584502692272e-14,3.450656072784246e-14,2.2508082990420683e-12,2.3754138491847457e-12,2.5136962932163475e-12,2.6608295465260682e-12,2.8030954171929993e-12,0.01052302209102504,0.011563378090493782,0.012728769623428131,0.01399154121180953,0.015262987974301288,0.4296937677754964,0.4476091652069246,0.45952370093960127,0.4663017894177978,0.4710631862680481,,,,,,,,,,,,,,,,,1215.8415463357367,1.653714430747532e-14,1.1672094531406472e-14
105,5.563052751387435e-14,6.011806613190228e-14,6.504574233482034e-14,7.013170796298433e-14,7.532745349019488e-14,2.2247204711975785e-12,2.3461434544068026e-12,2.4804362281730322e-12,2.6229197441547332e-12,2.7617339130791634e-12,0.023131550211588702,0.025404466886560974,0.027927824121409667,0.030663523873556142,0.033388908926729875,0.4494694329923651,0.4669563102039096,0.4787111803174501,0.4856924332042423,0.4909405760221774,,,,,,,,,,,,,,,,,1215.8543999167482,7.089615624168016e-14,1.5322743006601462e-14
106,1.2301476399569416e-13,1.3423865846424587e-13,1.467644306111967e-13,1.597649300077412e-13,1.727630034143954e-13,2.1922694478015454e-12,2.3091279277653297e-12,2.4385982691202075e-12,2.5763286439139962e-12,2.7095953879150583e-12,0.051351494408221,0.05682160595328996,0.06294080846019479,0.06954198283725167,0.07631677344972622,0.4704837063040974,0.4877903775593546,0.4992250999548145,0.5065404986471033,0.5122248900174191,,,,,,,,,,,,,,,,,1215.8672532503654,1.4347240572237102e-13,1.992526423803126e-14
107,2.684695135999164e-13,2.828454633472845e-13,2.969377272787129e-13,3.099023265710254e-13,3.219795163446886e-13,2.150979548789582e-12,2.263212452932085e-12,2.3879647905953137e-12,2.5199417762438556e-12,2.648165109259793e-12,0.11011308319321458,0.11866997903848914,0.12794958491543706,0.13763338213396273,0.14705740663233405,0.493049835277576,0.5098048281088637,0.5209625878781735,0.5285951166997196,0.5346677058845472,,,,,,,,,,,,,,,,,1215.8801063366031,3.066198553738908e-13,2.553391153300045e-14
108,4.2000505486008107e-13,4.3077157885597673e-13,4.418443573270621e-13,4.5298032892489036e-13,4.633979246563836e-13,2.1029392613927177e-12,2.2092688304328496e-12,2.327764158056469e-12,2.453633260322796e-12,2.574721593820527e-12,0.17189317267295623,0.18244282442931128,0.19434072346288667,0.20671929252433976,0.2188761735477832,0.5168745065307015,0.5329743895486752,0.5438429277560499,0.5516770030078116,0.5582283244026711,,,,,,,,,,,,,,,,,1215.892959175475,4.559685962135518e-13,3.1229657531869903e-14
109,5.401770323555771e-13,5.508227611789987e-13,5.620236445567779e-13,5.735482856217801e-13,5.844163775148167e-13,2.0462116329430715e-12,2.146141702405251e-12,2.2583303502903367e-12,2.3770685519794675e-12,2.4905601690965052e-12,0.2273298797059678,0.23984021421182833,0.2538521065531387,0.26847805994214297,0.2829840226990131,0.5416731757332988,0.556969646753043,0.5676121358919659,0.5756500303282489,0.5826447725874044,,,,,,,,,,,,,,,,,1215.9058117669952,5.868462725315549e-13,3.5131592730427985e-14
110,6.341596522857236e-13,6.450131915419729e-13,6.569818659381941e-13,6.691369868924243e-13,6.81065689835926e-13,1.980864696561475e-12,2.0749102200775268e-12,2.1796951444679963e-12,2.290355836744027e-12,2.396617724986077e-12,0.27751920782677275,0.2913751211383922,0.306749860976325,0.32278641061363395,0.33862940069310643,0.5670015365061097,0.5816077805152048,0.5920707557052025,0.6003069671990586,0.6076295299084349,,,,,,,,,,,,,,,,,1215.9186641111785,7.126985633598704e-13,3.858251676589104e-14
111,7.071059440195114e-13,7.186182130676095e-13,7.307228659944556e-13,7.431966555819423e-13,7.559207403484694e-13,1.9078015342464095e-12,1.994630082163227e-12,2.092557036828778e-12,2.194951844157069e-12,2.2932467399043486e-12,0.3243432307717117,0.3388537249330325,0.35489414557374765,0.3716030159804658,0.3880110204455549,0.5929565018316403,0.6067209838099358,0.6169534518347309,0.6253758869915846,0.633067378621189,,,,,,,,,,,,,,,,,1215.9315162080388,8.141611300069296e-13,4.010945967177458e-14
112,7.62072430351505e-13,7.735115466455054e-13,7.858079889132329e-13,7.986297252136918e-13,8.113578099414247e-13,1.8279723968501517e-12,1.9076269970228872e-12,1.9975742985715706e-12,2.0913555352965124e-12,2.1812148124186787e-12,0.3682543395873411,0.38310343358851495,0.3994776502582518,0.4162642521121056,0.4327525265048132,0.6187945249297422,0.6320021787049477,0.6420753401369244,0.6505998525671467,0.6584758514541363,,,,,,,,,,,,,,,,,1215.9443680575907,8.699116188677636e-13,4.1497546772548827e-14
113,7.996724557640407e-13,8.109419037899127e-13,8.235426202821203e-13,8.364614095428269e-13,8.489537229643794e-13,1.740974969224063e-12,1.8140983613396764e-12,1.8962428271972417e-12,1.9809949300627747e-12,2.0628431652694313e-12,0.40938966398378596,0.4243056046586639,0.44062726000011354,0.4573696227149783,0.47374292291028686,0.6447177322710818,0.6572625757858609,0.6671370022120704,0.6757008610177873,0.6837804148831083,,,,,,,,,,,,,,,,,1215.9572196598483,8.990341023723536e-13,4.225862620444755e-14
114,8.204443596529225e-13,8.321807771461833e-13,8.447378848946217e-13,8.575924169566153e-13,8.698335505377114e-13,1.6497500094132791e-12,1.7152547950933114e-12,1.789343879492278e-12,1.8652081641181232e-12,1.938300761776048e-12,0.4477938836883237,0.46253336689808855,0.4786054122227177,0.49506306850826537,0.5110450205518708,0.6704201937456521,0.6822942640927327,0.6919577251108149,0.7005384247156682,0.708652401740499,,,,,,,,,,,,,,,,,1215.970071014826,9.123711985567495e-13,4.3166554044345856e-14
115,8.264867019203021e-13,8.384492752964587e-13,8.508202588864839e-13,8.636930392213172e-13,8.752061398577555e-13,1.5539542078370993e-12,1.6123783594853305e-12,1.6779545618554372e-12,1.7458684836910082e-12,1.8106384772248226e-12,0.48337516282077947,0.4978270447504675,0.513539550045198,0.52958108948405,0.5450000216569519,0.695608163835089,0.7068185544930636,0.7163392708451939,0.7248092882869159,0.7329120027198488,,,,,,,,,,,,,,,,,1215.9829221225377,9.233206647168979e-13,4.322991210880048e-14
116,8.198719962364989e-13,8.315478217439648e-13,8.436102916213921e-13,8.559575963629825e-13,8.670958198059349e-13,1.455012313101311e-12,1.5065070477382149e-12,1.5646628784532015e-12,1.6243131255846498e-12,1.68193998972287e-12,0.516351771780597,0.5304254188788092,0.5456852235236832,0.5611925910838047,0.5760087229640725,0.7203238108861918,0.7307324933054142,0.7399537926087943,0.7483469208055904,0.7563400362827979,,,,,,,,,,,,,,,,,1215.995772982998,8.420160727516668e-13,4.1239340637039615e-14
117,8.021233677787033e-13,8.134364536905543e-13,8.249814969510724e-13,8.367035556428622e-13,8.474868928011909e-13,1.355195399001769e-12,1.399246515783027e-12,1.4506714333897138e-12,1.5026976556687468e-12,1.552890188240174e-12,0.5468252922910205,0.5604264735380723,0.5751607020993788,0.5901353870576278,0.6044274362571382,0.7439716467456857,0.7537568685134575,0.7627050401593708,0.7709454046771556,0.7787466617466184,,,,,,,,,,,,,,,,,1216.0086235962212,8.372508957833757e-13,4.121202890668835e-14
118,7.753876934435119e-13,7.860421275155393e-13,7.969609814543108e-13,8.081512704947028e-13,8.183559116611454e-13,1.253770471465125e-12,1.2930555671511314e-12,1.337849004296096e-12,1.3825587326664236e-12,1.4255762490172655e-12,0.5749127416959391,0.5880227308115851,0.6022672548470684,0.6165720562873056,0.6303298327150226,0.7665963292604179,0.7758242108600412,0.7844003242546066,0.792458568617261,0.7999637553485507,,,,,,,,,,,,,,,,,1216.0214739622215,7.901424740192065e-13,3.997660424806364e-14
119,7.410729326469452e-13,7.5133846460639e-13,7.615137576205125e-13,7.719734682410768e-13,7.815253688299745e-13,1.1550835105284996e-12,1.1886787069259356e-12,1.2267828237350403e-12,1.2651944187262148e-12,1.3020549421153527e-12,0.6007997000242348,0.6134537019928029,0.6271305671153204,0.6408537541923918,0.6540533951108339,0.7880726873078328,0.7967218147340114,0.8049506366617639,0.8127009195348939,0.8198914331305638,,,,,,,,,,,,,,,,,1216.034324081013,8.067964699098873e-13,3.976328069436354e-14
120,7.015245810064088e-13,7.110111232104918e-13,7.205564945899219e-13,7.303334335179782e-13,7.392461315993379e-13,1.0578405522921887e-12,1.0870170037361695e-12,1.1192840149985085e-12,1.1521389027221419e-12,1.1835690670732831e-12,0.6246737288421459,0.6368331089019504,0.649943689364114,0.6630988039873658,0.6757427157441667,0.8081982908111383,0.8164471156951488,0.8242253656070939,0.8316201235898455,0.8385522619513588,,,,,,,,,,,,,,,,,1216.0471739526101,7.054624354303762e-13,3.7457989048852655e-14
121,6.579209687288033e-13,6.668331041783307e-13,6.75802537868863e-13,6.851694835099814e-13,6.936808579794899e-13,9.641871835897377e-13,9.890427733287438e-13,1.0163671446833746e-12,1.0442521697666766e-12,1.0707610896788077e-12,0.646671015275903,0.6583567823180576,0.6709264229546497,0.6835306921011377,0.6956039857807315,0.8271728328571477,0.8347869897597753,0.8421360535415912,0.8491473755995754,0.8557108655143706,,,,,,,,,,,,,,,,,1216.0600235770276,6.428804971009283e-13,3.603335755860207e-14
122,6.120120020915279e-13,6.205729708710014e-13,6.290982604231358e-13,6.378900155026761e-13,6.45923339947635e-13,8.747235476433416e-13,8.961566781365569e-13,9.190887824404803e-13,9.427155001802012e-13,9.650237799160374e-13,0.6669715226559445,0.6781577504161467,0.6902209100471486,0.702290637738569,0.7138132785333343,0.8446962597354045,0.851775628061227,0.8586859338691725,0.8653008027709658,0.8714845634526132,,,,,,,,,,,,,,,,,1216.0728729542786,5.758953969085823e-13,3.3812189837280696e-14
123,5.652899197207297e-13,5.73439203992878e-13,5.816378167097621e-13,5.899365009514813e-13,5.978464144386138e-13,7.90284089500838e-13,8.084967878862373e-13,8.280130069755169e-13,8.478717650231626e-13,8.665951429074119e-13,0.6856704800111223,0.6964155413367856,0.7079872324963539,0.7195350412362314,0.7304995181333714,0.8608252302151398,0.8673938490609957,0.8738507860949954,0.8800696948406806,0.8858225223840898,,,,,,,,,,,,,,,,,1216.0857220843784,5.424453204325164e-13,3.325983287611259e-14
124,5.19057161917953e-13,5.266738413680481e-13,5.345910919768585e-13,5.425919262451905e-13,5.501250255067395e-13,7.111358494860268e-13,7.269267579299235e-13,7.433851826916237e-13,7.602566794739534e-13,7.763031862036475e-13,0.7029745834220008,0.7132941874506328,0.7243782175616298,0.735392668632344,0.7458523577963168,0.8755964177017663,0.8816350945211529,0.8876672647529835,0.8934512588155074,0.8988203409709097,,,,,,,,,,,,,,,,,1216.0985709673405,5.065527533022751e-13,3.1846673600099615e-14
125,4.739578400829408e-13,4.812767496677692e-13,4.889244299994375e-13,4.965506008964675e-13,5.039325378087932e-13,6.377800852417053e-13,6.516229028010701e-13,6.655691035474456e-13,6.799217282143127e-13,6.93721659996225e-13,0.7190026231700221,0.7288698094141105,0.7394959461457599,0.7499929557518263,0.7599940669665732,0.8890064417492916,0.8945456210428827,0.9001662391460641,0.9055476611984846,0.9104353381825516,,,,,,,,,,,,,,,,,1216.11141960318,4.729327281356721e-13,3.074116007866119e-14
126,4.3094371598180293e-13,4.3794152444771767e-13,4.4526995421004564e-13,4.5255891562874995e-13,4.596479176558479e-13,5.706641714186803e-13,5.826408830164125e-13,5.946527868037233e-13,6.068929461022216e-13,6.188986191409098e-13,0.7338185323392337,0.7432906632179589,0.753462192168448,0.7635021175053329,0.7730355549764412,0.9011257203914264,0.9062358166433424,0.9113825862279359,0.9163460920001932,0.9208098910593728,,,,,,,,,,,,,,,,,1216.12426799191,3.942864643721039e-13,2.8170650558903727e-14
127,3.9043818159268573e-13,3.9721798426987404e-13,4.042069755634746e-13,4.1118291400509313e-13,4.17995049425994e-13,5.096366018222769e-13,5.200537546113787e-13,5.304217467050018e-13,5.409491086285912e-13,5.51285030389569e-13,0.7475641340877947,0.7566610111708557,0.7663842927380794,0.7759863665176657,0.7850969740426172,0.9119483678276304,0.9166839186930229,0.9214077707386241,0.9259450727348668,0.9300175991903038,,,,,,,,,,,,,,,,,1216.1371161335458,3.935481769027499e-13,2.7832032197579876e-14
128,3.529488701778514e-13,3.594755909710596e-13,3.660483409483054e-13,3.7262330035642015e-13,3.79212855214167e-13,4.5470140989961313e-13,4.63664151097308e-13,4.72779059314269e-13,4.819813824441581e-13,4.909629898801427e-13,0.7603153145760693,0.769045600642149,0.7783713646331472,0.7875577045593998,0.7962438428362492,0.9216388321887573,0.9259959499989053,0.9303127408974118,0.934455298848405,0.9381258100613717,,,,,,,,,,,,,,,,,1216.1499640281015,3.3626693009963793e-13,2.6496234134705532e-14
129,3.1866303343388643e-13,3.247943217890491e-13,3.3096870954761485e-13,3.3710485438836584e-13,3.4336994263934635e-13,4.053998550231662e-13,4.1318203796920515e-13,4.2128244536958894e-13,4.293526327439928e-13,4.3721787648087954e-13,0.7721870862153043,0.7805629008870179,0.7894807378734019,0.798278715480332,0.8065951661676902,0.9303077209333022,0.9342521303786501,0.9381839548127755,0.9419527594051652,0.9453057535903587,,,,,,,,,,,,,,,,,1216.1628116755908,3.017576423111623e-13,2.4596191850281314e-14
130,2.875994711531194e-13,2.9327229043811876e-13,2.990178713412385e-13,3.04742856676634e-13,3.1060919898801285e-13,3.6144756211556927e-13,3.683403020477156e-13,3.7556277129829477e-13,3.826746584997707e-13,3.896518026366519e-13,0.7832481274322047,0.7912476992203193,0.799822212140495,0.8082472582630532,0.8161986494795828,0.9379617223176372,0.9415480514368866,0.9451190803883714,0.9485328612997933,0.9515744243685336,,,,,,,,,,,,,,,,,1216.1756590760288,3.11017379385492e-13,2.4459368924245432e-14
131,2.5960601241622046e-13,2.648678039921298e-13,2.7015216315272543e-13,2.754686643479499e-13,2.8093248916020836e-13,3.2283419697757095e-13,3.2879394657707514e-13,3.351547990789994e-13,3.413611256382644e-13,3.4768793740440286e-13,0.7935508482710572,0.8012184601043822,0.8094452804037846,0.8175160266756687,0.8251406844539829,0.9447134319872208,0.9479734466797394,0.9511984831907281,0.9542771861699667,0.9570395608577615,,,,,,,,,,,,,,,,,1216.1885062294289,2.774476069895837e-13,2.365502304940096e-14
132,2.346389810457964e-13,2.394198392819148e-13,2.4426450681617255e-13,2.491703397382984e-13,2.54101776756603e-13,2.8882081412282637e-13,2.939811181651452e-13,2.995689206248424e-13,3.051518300786835e-13,3.107265188433325e-13,0.8031545468083523,0.8105260091955718,0.818410486918579,0.8261521046998106,0.8334718748140404,0.9506173211450258,0.9535942244863278,0.956510716677154,0.9592782788417432,0.9617849278712388,,,,,,,,,,,,,,,,,1216.2013531358057,2.481174445588541e-13,2.227578744292552e-14
133,2.1240907961703963e-13,2.1677976973370488e-13,2.2117191454355069e-13,2.256566197957462e-13,2.301827280722848e-13,2.588192014026903e-13,2.6344832843452125e-13,2.684000907794865e-13,2.733803536588234e-13,2.7829407712030786e-13,0.8121119632296421,0.8192125327582922,0.8267802745001759,0.8342046172360171,0.8412350067532902,0.955813346574797,0.9584991998052907,0.961134581252314,0.9636290555958237,0.9658754426222849,,,,,,,,,,,,,,,,,1216.2141997951735,2.3091500499922146e-13,2.185776821312605e-14
134,1.9271280949989907e-13,1.9671938328015226e-13,2.0067460603717257e-13,2.0477996386613628e-13,2.0880326128272368e-13,2.3264978070945256e-13,2.3679905499634e-13,2.41192861617179e-13,2.4560873238367695e-13,2.499167715013796e-13,0.8204889951708157,0.8273385318300087,0.8346012971632842,0.8417296143402144,0.8484542849922031,0.9603372840000993,0.9627793347228303,0.9651603624562278,0.9673987358264616,0.9694213070447325,,,,,,,,,,,,,,,,,1216.2270462075464,2.0727857093488095e-13,2.0904322516708193e-14
135,1.7532217386830103e-13,1.78988126129905e-13,1.825868967579428e-13,1.8625755934694448e-13,1.898793391017987e-13,2.0987167898501445e-13,2.1353336056378488e-13,2.1746456167830993e-13,2.2142516463669926e-13,2.25235091446595e-13,0.8283556340514342,0.8349280154725507,0.8419212998387069,0.848761075607477,0.8552085805761179,0.9643043526149893,0.9664824438868088,0.9686421266613874,0.9706705784621287,0.9724762298841643,,,,,,,,,,,,,,,,,1216.2398923729388,1.982450661963675e-13,2.022570343629057e-14
136,1.6009612762073207e-13,1.6334256139250195e-13,1.6663798329143415e-13,1.699801007966769e-13,1.732005032878219e-13,1.8994806033692843e-13,1.9329685929294445e-13,1.968006770424123e-13,2.003727432191007e-13,2.0378943110795943e-13,0.8357253756462664,0.8420399277817743,0.8487735601227899,0.8553467385195722,0.8615314096291429,0.9677472352070207,0.9697069377596896,0.9716715634565887,0.9734998888947303,0.9751488598538041,,,,,,,,,,,,,,,,,1216.252738291365,1.838256380882336e-13,2.005518384554702e-14
137,1.4662812567622685e-13,1.4960371374281116e-13,1.5260287283653462e-13,1.5562237677609683e-13,1.5858634765766565e-13,1.7264395908456916e-13,1.7566179457356468e-13,1.788026376530195e-13,1.8200910707345458e-13,1.8504356723893441e-13,0.8426633914927274,0.8487283826656382,0.8552064468952868,0.8615191306485855,0.8674707034606808,0.9707519527252734,0.9725135671141952,0.9742888069563393,0.9759532048007256,0.9774459894789145,,,,,,,,,,,,,,,,,1216.265583962839,1.6644469819342839e-13,1.8330728102956828e-14
138,1.3479941885527815e-13,1.3753495402592932e-13,1.4026414664734335e-13,1.4303369734521054e-13,1.4573142342628746e-13,1.57499922246016e-13,1.6029480822177004e-13,1.6315125735826184e-13,1.6606381974835776e-13,1.6881393831363855e-13,0.8491636647861824,0.8550117888918035,0.8612434052847187,0.8673134582565528,0.8730398346399643,0.9733620448859808,0.974958388872917,0.9765666447770667,0.9780795209239752,0.9794273690115579,,,,,,,,,,,,,,,,,1216.2784293873754,1.4893658138379062e-13,1.745891605386355e-14
139,1.2441173209399326e-13,1.2690989092316938e-13,1.2942846818024912e-13,1.3197699676912034e-13,1.3445541238456798e-13,1.4431722008738012e-13,1.4689261127576326e-13,1.4952288174108924e-13,1.5220751925454705e-13,1.5472163981479005e-13,0.8552756103399901,0.8609054614670681,0.8669173159292002,0.8727634433942204,0.8782824522545486,0.9756378415353361,0.9770794080904487,0.9785435732385978,0.9799218440943206,0.981152629386862,,,,,,,,,,,,,,,,,1216.2912745649878,1.3596074136326686e-13,1.698737958839066e-14
140,1.1523775959521888e-13,1.175445742059483e-13,1.1990385783688247e-13,1.2224766832677459e-13,1.245740144554e-13,1.3276629083624315e-13,1.3519049669719773e-13,1.3762618434778585e-13,1.4014009101575491e-13,1.42497816173484e-13,0.861004998622242,0.866464231179374,0.8722562148384584,0.8778916966677479,0.8832061453554921,0.9776098856221828,0.9789299824612001,0.9802674331581799,0.9815292447820674,0.9826482082699509,,,,,,,,,,,,,,,,,1216.304119495691,1.2593506966418477e-13,1.676970567347346e-14
141,1.0713089869720727e-13,1.0928699404388793e-13,1.1149693588527308e-13,1.1369454488856228e-13,1.1587798283682986e-13,1.2263184159038594e-13,1.249361257826957e-13,1.2724627181651727e-13,1.2962117454683321e-13,1.3185397159747357e-13,0.8664271943267469,0.8717108040409679,0.8772939845365475,0.8827211392407189,0.8878419455051181,0.9793448306923179,0.9805429535401118,0.9817714916502058,0.9829273511371451,0.9839518463056836,,,,,,,,,,,,,,,,,1216.3169641794993,1.2535565847068136e-13,1.7025770509692013e-14
142,9.989541538653827e-14,1.0199730762444617e-13,1.0408632201209063e-13,1.0618208821377028e-13,1.0825231680067753e-13,1.1373812339460321e-13,1.159288997006656e-13,1.1812108407507165e-13,1.2039881191320938e-13,1.2254282032964457e-13,0.8715370321085419,0.8766526818567942,0.8820396349707198,0.8872703386425583,0.8922043275307237,0.9808541820151947,0.9819633006223094,0.9830917224783502,0.9841565749367975,0.9850920934850048,,,,,,,,,,,,,,,,,1216.3298086164266,1.1357451437654653e-13,1.582621261418584e-14
143,9.350489049771929e-14,9.552003953720652e-14,9.75280686283878e-14,9.951422870624947e-14,1.0151459413486617e-13,1.0591130384518068e-13,1.0798138551759058e-13,1.1010046393866327e-13,1.1227055061609966e-13,1.1432689299628708e-13,0.8763684676346222,0.8813241748599157,0.8865190743946755,0.8915657750594256,0.8963278773838792,0.982175342342974,0.9832173780173131,0.9842535044234508,0.9852346919819874,0.9861013636517634,,,,,,,,,,,,,,,,,1216.3426528064872,1.0320783398916344e-13,1.537470000758604e-14
144,8.790373050716059e-14,8.976399062166706e-14,9.16780231944126e-14,9.360352555069374e-14,9.549894178906297e-14,9.899234437984275e-14,1.0097930748330807e-13,1.0300657889055672e-13,1.0510354427651396e-13,1.0707664472720112e-13,0.8809463706651853,0.8857366324539535,0.8907553607427506,0.8956269618929317,0.900217825696867,0.9833541489298521,0.9843135243058064,0.9852737641470258,0.9861826616058419,0.9869899132592879,,,,,,,,,,,,,,,,,1216.3554967496957,8.837464722695476e-14,1.4837372799034014e-14
145,8.284256812587481e-14,8.462679131635689e-14,8.646971497399048e-14,8.833679404097922e-14,9.014881294821283e-14,9.281543485531703e-14,9.473196902123217e-14,9.670683333184032e-14,9.874401149634673e-14,1.0069305569859454e-13,0.8852840728968402,0.8899111626691011,0.8947591294872241,0.8994710746510647,0.9038941808639244,0.9843914489551272,0.985287987478083,0.9861822580674583,0.9870286019917023,0.9877797006172916,,,,,,,,,,,,,,,,,1216.3683404460658,8.096381366989175e-14,1.3560074219628841e-14
146,7.82627969485688e-14,8.001667363887667e-14,8.179166638652417e-14,8.361573845552552e-14,8.538600477125077e-14,8.733605171550563e-14,8.91734604517493e-14,9.110204002011702e-14,9.308286261545037e-14,9.497947644744826e-14,0.8893858174570859,0.8938690086706765,0.8985529442090388,0.9031115036887531,0.9073762982841538,0.9853183791682679,0.9861507736512353,0.9869912134998642,0.9877778950960192,0.988481939128166,,,,,,,,,,,,,,,,,1216.3811838956117,8.870722624336469e-14,1.310423412170152e-14
147,7.416688208850982e-14,7.586722926540372e-14,7.758999271539125e-14,7.935852741513675e-14,8.107569426755463e-14,8.240389066709371e-14,8.41915125774597e-14,8.606212865319772e-14,8.799083222482355e-14,8.984592742621008e-14,0.8932854452542524,0.8976162377199639,0.9021510785958686,0.9065555134925205,0.9106755384363663,0.9861385844965853,0.9869236745536691,0.9877151468671574,0.9884529740751987,0.989115023069325,,,,,,,,,,,,,,,,,1216.394027098348,8.368713979179515e-14,1.3585879078366944e-14
148,7.045708841116872e-14,7.21165168403286e-14,7.378774829833288e-14,7.551025698731064e-14,7.717915023421246e-14,7.796564888796426e-14,7.97066898297421e-14,8.152488707961215e-14,8.340882765466419e-14,8.523947512739987e-14,0.8969870871098161,0.9011708634814971,0.9055624653930838,0.9098196102760209,0.9138057989733043,0.9868855042958116,0.9876211245119881,0.9883675796803222,0.9890609531930991,0.9896877458116855,,,,,,,,,,,,,,,,,1216.4068700542891,7.114874824281497e-14,1.2765113469839946e-14
149,6.710936026383813e-14,6.870106541302905e-14,7.033412547137188e-14,7.200669817000153e-14,7.362282696013633e-14,7.395275725738645e-14,7.564620294460939e-14,7.742425476489808e-14,7.92664577801584e-14,8.103454722737653e-14,0.9004981226910022,0.9045499325108636,0.908798004459312,0.9129168240333191,0.9167823895183996,0.9875590441258661,0.9882536096636401,0.9889550036023582,0.9896136272701767,0.9902056750618888,,,,,,,,,,,,,,,,,1216.419712763449,7.912537947985313e-14,1.3636014111481978e-14
150,6.404889777906995e-14,6.558508664349269e-14,6.717718427521496e-14,6.880458508618133e-14,7.037481084949447e-14,7.032451953113655e-14,7.195536772484565e-14,7.370144189411732e-14,7.548661241774626e-14,7.718927579637564e-14,0.9038196620430183,0.9077608046376932,0.911874495058915,0.91585932919955,0.9196005770226515,0.9881676544342772,0.9888269781249318,0.9894894800569554,0.9901150971115187,0.9906733911688523,,,,,,,,,,,,,,,,,1216.4325552258415,6.761389679480617e-14,1.2449763950610118e-14
151,6.123962805508938e-14,6.27205470198061e-14,6.427955603151363e-14,6.587071708758925e-14,6.740070612931616e-14,6.699973471955897e-14,6.859108583526789e-14,7.029561912475034e-14,7.203345939320991e-14,7.368892896875726e-14,0.906991998366707,0.910814512458762,0.9147994525516423,0.9186576785407712,0.9222830666956998,0.9887203732112356,0.98934974036047,0.9899778835022037,0.9905723630781615,0.9911037063172169,,,,,,,,,,,,,,,,,1216.4453974414816,6.731953590497636e-14,1.2112660931228904e-14
152,5.866832328969326e-14,6.00949677351106e-14,6.160979195142638e-14,6.315759827360137e-14,6.464120255102781e-14,6.396289204545998e-14,6.550864132383374e-14,6.716738217457364e-14,6.885650072253972e-14,7.04694598689182e-14,0.9100187987409188,0.9137208145547686,0.9175813770971071,0.9213187137754643,0.9248338300671758,0.9892304330171122,0.9898296654198337,0.9904252522424699,0.990993069756755,0.9914994315401174,,,,,,,,,,,,,,,,,1216.4582394103825,6.761791511910795e-14,1.1851595212489761e-14
153,5.628029355329453e-14,5.766336096575897e-14,5.913570823981521e-14,6.064128523294956e-14,6.20917882327343e-14,6.117541130324804e-14,6.266904164051642e-14,6.428189976287292e-14,6.592877901808781e-14,6.747987322490213e-14,0.9128870709898664,0.9164872287747015,0.92023012983054,0.9238582537604677,0.9272641140758414,0.9896983065397357,0.990269383678085,0.9908383077153805,0.9913788556655432,0.9918634344465672,,,,,,,,,,,,,,,,,1216.4710811325597,7.154800569283276e-14,1.2254482198686533e-14
154,5.40641048225259e-14,5.540565083734326e-14,5.6839484834920946e-14,5.830661968631216e-14,5.971418481607355e-14,5.860865880317843e-14,6.004881917938211e-14,6.161795332478184e-14,6.321109579323149e-14,6.473659649626051e-14,0.9156345371411686,0.9191292257951836,0.9227542936354287,0.9262753211619377,0.92957931391479,0.9901324842384747,0.9906762477987133,0.9912206336719938,0.9917348693817445,0.9922014433308302,,,,,,,,,,,,,,,,,1216.4839226080264,6.926515025602875e-14,1.2353334331762899e-14
155,5.2000536617350444e-14,5.330717506997906e-14,5.470365653737173e-14,5.612477421952431e-14,5.748715444478619e-14,5.621495546818139e-14,5.762229092145594e-14,5.914348396974523e-14,6.069258237078526e-14,6.216930850018974e-14,0.9182557128335816,0.9216464012866828,0.9251633004302156,0.9285804046088206,0.9317869472767221,0.990531142352239,0.991055369809479,0.9915747406553405,0.9920667811587697,0.9925144687106685,,,,,,,,,,,,,,,,,1216.496763836797,5.1164394986383255e-14,1.0708655540276907e-14
156,5.0077990366137586e-14,5.1346333552822654e-14,5.2700312928986444e-14,5.408510918110776e-14,5.5401442521357385e-14,5.4004968227131576e-14,5.535848648429501e-14,5.684124413336648e-14,5.834345621852208e-14,5.97877494334777e-14,0.9207580837197414,0.9240486795148188,0.9274624228867165,0.9307803978766387,0.9338922294820362,0.9909051542715888,0.9914077403265985,0.9919038097968584,0.9923763126101391,0.99280697687743,,,,,,,,,,,,,,,,,1216.5096048188864,6.224715025111155e-14,1.1774007841554215e-14
157,4.826482320622277e-14,4.951059941368596e-14,5.082411506585618e-14,5.2169953831635634e-14,5.3446732142317396e-14,5.1925645420190877e-14,5.324758924515109e-14,5.469009921728472e-14,5.614606456419679e-14,5.754871417391304e-14,0.9231486202586915,0.9263436459107646,0.9296602110764862,0.9328821830480797,0.9359015199490711,0.9912538317197797,0.9917360566644267,0.9922119546337924,0.9926653883067286,0.9930789704593497,,,,,,,,,,,,,,,,,1216.522445554308,4.6096596862960776e-14,1.1680709703512995e-14
158,4.657326404465534e-14,4.778435082458613e-14,4.9057654842126587e-14,5.03725630234998e-14,5.161038067155269e-14,4.9984530498772426e-14,5.1270247192805846e-14,5.267432740266529e-14,5.4091237214218755e-14,5.544441050109213e-14,0.9254338113781524,0.9285382201139603,0.9317586580825659,0.9348880189532695,0.9378260685628501,0.991580287533131,0.9920430977882676,0.9925003756018724,0.9929365564543898,0.9933331129730031,,,,,,,,,,,,,,,,,1216.5352860430762,4.422963460325863e-14,1.0832579848592e-14
159,4.497583257827285e-14,4.6157240537340444e-14,4.73985599054116e-14,4.867369745154921e-14,4.987835400548223e-14,4.817025109928022e-14,4.9417959618493324e-14,5.07808478210523e-14,5.215573615013876e-14,5.346339246894783e-14,0.9276145854691115,0.9306370096502143,0.9337674257453806,0.9368042209170614,0.9396633668968342,0.9918873086752273,0.9923317277340749,0.992770793236222,0.9931912809651043,0.9935714694154923,,,,,,,,,,,,,,,,,1216.5481262852056,3.9483698835397416e-14,1.0048289172839668e-14
160,4.3478619578334286e-14,4.4620819508524586e-14,4.5830042099618375e-14,4.706958742302657e-14,4.82410474397776e-14,4.646365129446658e-14,4.76742854530897e-14,4.899832251508776e-14,5.033117636837267e-14,5.16054163950375e-14,0.9297016267889534,0.9326436460667297,0.9356879955880222,0.9386402090642803,0.941420619346002,0.9921773484496161,0.9926032138690737,0.9930256700057445,0.9934305516273756,0.9937965044156344,,,,,,,,,,,,,,,,,1216.56096628071,3.7422379783750084e-14,1.0448151404381795e-14
161,4.2058279543234005e-14,4.3166746876576905e-14,4.434735300349556e-14,4.5552612106460934e-14,4.6687148296130625e-14,4.485387932863985e-14,4.6028578600854126e-14,4.731586015009852e-14,4.8610002663783424e-14,4.985816832522628e-14,0.9317042607901443,0.9345642277681385,0.9375293777158655,0.9403994839942282,0.943103423462554,0.9924489166162035,0.9928592413229723,0.9932659358361222,0.9936564931815768,0.9940097765173238,,,,,,,,,,,,,,,,,1216.5738060296037,4.0217205650797117e-14,1.0628412721051719e-14
162,4.071605491667621e-14,4.1790037921811254e-14,4.293796987909291e-14,4.4112939623802346e-14,4.522175927319757e-14,4.3336875857103744e-14,4.4477870884075175e-14,4.5726465293228866e-14,4.69813897163551e-14,4.8196755125498666e-14,0.9336240851291887,0.9364069784352947,0.9392905775932328,0.9420833317068509,0.9447154538719738,0.9927030671182909,0.9931016002521468,0.9934937752604747,0.9938696649317017,0.9942101930972819,,,,,,,,,,,,,,,,,1216.5866455319015,3.412253932102288e-14,9.44182544106685e-15
163,3.9443069721725324e-14,4.0481095665991976e-14,4.160111717633274e-14,4.274700171395939e-14,4.382017841569331e-14,4.1903651355718614e-14,4.300856142378251e-14,4.422273812714169e-14,4.54438443963288e-14,4.6619203722252614e-14,0.9354679652895671,0.9381735837424303,0.9409797656855658,0.9436959296906469,0.9462604714043352,0.9929445801560891,0.9933298134721857,0.993708227373409,0.9940712086973431,0.9944000191572117,,,,,,,,,,,,,,,,,1216.5994847876166,3.663307043778527e-14,1.0062493068332175e-14
164,3.82283750138628e-14,3.923961813787305e-14,4.032836189545582e-14,4.144400937807929e-14,4.249482719907297e-14,4.054435359605942e-14,4.1618427398197165e-14,4.279720436649233e-14,4.398416085676139e-14,4.5132465140251704e-14,0.9372306945873556,0.939868557000422,0.9425998033249069,0.9452464528372161,0.947740858214705,0.9931735920393961,0.9935466178142375,0.9939116800973676,0.9942623863342107,0.9945796281956107,,,,,,,,,,,,,,,,,1216.6123237967636,3.175989338058752e-14,9.527457083902471e-15
165,3.7075442258614263e-14,3.805872311944949e-14,3.9118981616636775e-14,4.020425523354025e-14,4.1232100020355936e-14,3.924954689029262e-14,4.0297092926697374e-14,4.1445898238769424e-14,4.25986952190112e-14,4.371478129465161e-14,0.9389227166201016,0.9414960989290834,0.9441546369650005,0.9467313549569509,0.949162121224177,0.9933901071944659,0.9937513477927459,0.9941047534861412,0.9944436577233625,0.9947504629196269,,,,,,,,,,,,,,,,,1216.6251625593568,2.1870078989981445e-14,8.789477934541268e-15
166,3.597464531672926e-14,3.693318973892334e-14,3.7967396682833105e-14,3.902387436661137e-14,4.0026892963422834e-14,3.8024933784428814e-14,3.904129658520794e-14,4.016183645393884e-14,4.12808538555234e-14,4.237034733584119e-14,0.9405494298989493,0.9430569812633488,0.9456480581488113,0.9481588015092054,0.9505265739973839,0.9935970269349375,0.9939464205844515,0.9942878979436715,0.9946162059073111,0.9949135130964998,,,,,,,,,,,,,,,,,1216.6380010754106,3.104088438111302e-14,9.264626995534198e-15
167,3.492609908253365e-14,3.5859708836412955e-14,3.6868043901311194e-14,3.789571956500056e-14,3.887341805332828e-14,3.686488691443642e-14,3.784943266132839e-14,3.893865789400442e-14,4.002756947342086e-14,4.1087900826960594e-14,0.9421152538017176,0.9445578015467636,0.9470826420811955,0.9495301680470707,0.951837156802475,0.9937931526097958,0.9941317396520958,0.9944623151064992,0.9947799221958251,0.9950675106612569,,,,,,,,,,,,,,,,,1216.6508393449387,3.750364073657787e-14,1.0345790860837902e-14
168,3.392369068557949e-14,3.4835168625656545e-14,3.581948100764805e-14,3.6819713097509395e-14,3.777464085742154e-14,3.5758003703439036e-14,3.671389613888947e-14,3.777425115847393e-14,3.883348406157694e-14,3.9864235167653403e-14,0.9436205325002114,0.9460003666518144,0.9484617161953905,0.9508463024274417,0.9530955808670001,0.9939792398498765,0.9943077141015134,0.9946285556290588,0.9949359422652453,0.9952149567954378,,,,,,,,,,,,,,,,,1216.6636773679559,2.8645932604069377e-14,9.208072299711923e-15
169,3.2971099048441785e-14,3.385611849647079e-14,3.481602281738549e-14,3.578968414737514e-14,3.6720296653211884e-14,3.4699133053862544e-14,3.5634058598115433e-14,3.6663858860043944e-14,3.769503460822064e-14,3.8697788049324666e-14,0.9450679578792246,0.94738712397619,0.9497866214330936,0.9521125880369925,0.9543058779171018,0.994156381081672,0.9944757243346656,0.9947867474776518,0.9950849202579921,0.995355874045207,,,,,,,,,,,,,,,,,1216.676515144476,2.384565120231233e-14,8.920401276099523e-15
170,3.205610161164848e-14,3.2920658653374356e-14,3.385605414921983e-14,3.4805119551414796e-14,3.5711072651453196e-14,3.3689928053564735e-14,3.460218785650844e-14,3.5604041946873063e-14,3.6607468772247863e-14,3.758412366951254e-14,0.9464598739888541,0.948720648271502,0.95106425232266,0.9533304467202254,0.9554684754989303,0.9943269662951856,0.9946359753197882,0.9949379819087794,0.9952275170554052,0.9954898504681946,,,,,,,,,,,,,,,,,1216.6893526745132,2.2931709428488517e-14,8.851728926933828e-15
171,3.117922866993779e-14,3.202179687250635e-14,3.293588529067285e-14,3.386057841867219e-14,3.4745164752412335e-14,3.2728053582940536e-14,3.361477411110723e-14,3.459149917150148e-14,3.556922015084127e-14,3.652004062162308e-14,0.9477999720836138,0.9500059610344995,0.9522923939826806,0.9545046911452874,0.9565875212601956,0.9944897143704029,0.9947891174126902,0.995082134254607,0.9953636146429268,0.9956180433501098,,,,,,,,,,,,,,,,,1216.7021899580816,1.9346151200125283e-14,8.530683111133714e-15
172,3.034373153484838e-14,3.11629323449168e-14,3.205496088919685e-14,3.2953788626123514e-14,3.381799617259825e-14,3.180479317228274e-14,3.267281237407738e-14,3.3624740887978796e-14,3.4577771729083746e-14,3.550467877086342e-14,0.9490907561927245,0.9512439592164491,0.9534748848203186,0.9556351902614728,0.9576651503936708,0.9946454561199819,0.9949352377294274,0.9952201562989658,0.9954933864590669,0.9957406187034977,,,,,,,,,,,,,,,,,1216.7150269951962,2.1850710734609528e-14,8.702953518979241e-15
173,2.9539677589676096e-14,3.03392743197562e-14,3.1209076120547504e-14,3.2087066904817416e-14,3.292925528630663e-14,3.0925778863605523e-14,3.177323850149372e-14,3.2699373748167933e-14,3.362868403515676e-14,3.453242918264615e-14,0.9503346059881153,0.9524380082803036,0.954614321287399,0.9567264834221693,0.9587033736455381,0.9947942505327458,0.9950747799145014,0.9953519721061557,0.9956173690141583,0.9958579177825869,,,,,,,,,,,,,,,,,1216.72786378587,2.4449233327998587e-14,8.836432358939363e-15
174,2.8768559665214494e-14,2.954832854189837e-14,3.03978919376061e-14,3.125577360469013e-14,3.207720125926534e-14,3.0083180403063536e-14,3.090953482546425e-14,3.181275472317231e-14,3.271724066482063e-14,3.360252876102235e-14,0.9515337451197474,0.9535860091467844,0.9557140122266383,0.9577722644977796,0.9597040663612815,0.9949364283606356,0.9952089801307811,0.9954779922110701,0.9957361516744586,0.995970230960098,,,,,,,,,,,,,,,,,1216.7407003301182,2.7771713287340002e-14,8.996802800908914e-15
175,2.8027828005363066e-14,2.878928981127744e-14,2.9620111012045934e-14,3.045697355074767e-14,3.125988429245059e-14,2.927686326125995e-14,3.008225182778264e-14,3.0963133626385774e-14,3.184509939650101e-14,3.2708377500176085e-14,0.9526902799383379,0.9546949769605653,0.9567728844150102,0.9587838282500327,0.9606689893588255,0.9950722667692092,0.9953372111951178,0.9955991982013549,0.9958499598651692,0.9960778413266893,,,,,,,,,,,,,,,,,1216.7535366279542,1.8003031384454873e-14,8.50329006561951e-15
176,2.7313728515445155e-14,2.806093582098744e-14,2.88720227022226e-14,2.968849832426755e-14,3.0476142386911706e-14,2.850525193745995e-14,2.9288942349077856e-14,3.0147747013537735e-14,3.1008814863428056e-14,3.1851019662959674e-14,0.9538061170533421,0.9557648734540448,0.9577950077745563,0.9597584177493993,0.961599842279416,0.9952020389301283,0.9954601863353552,0.9957151217134463,0.9959590133107863,0.9961811772071243,,,,,,,,,,,,,,,,,1216.7663726793926,2.4647184927771917e-14,8.677769535391476e-15
177,2.6629858643346382e-14,2.7359330621465297e-14,2.8151819602429697e-14,2.895003950335783e-14,2.972161411232378e-14,2.776426435368082e-14,2.852781187018561e-14,2.9365275204435983e-14,3.0206623435146076e-14,3.102842395787486e-14,0.9548832431754393,0.9567983058621393,0.9587817288160637,0.9607004506059704,0.9624982035613375,0.995327438658898,0.9955783583093437,0.9958268125481899,0.9960638196665966,0.9962803846380835,,,,,,,,,,,,,,,,,1216.779208484448,1.6048204703068142e-14,8.503619561435992e-15
178,2.5971452863149848e-14,2.668540646585143e-14,2.7459455742113725e-14,2.8240424267879948e-14,2.899723626910744e-14,2.70513182610166e-14,2.779703360725238e-14,2.861420560175775e-14,2.9436585504289123e-14,3.024038948513283e-14,0.9559224271976424,0.9577967407417044,0.959734424941676,0.9616106065432177,0.9633661670731681,0.9954479287917918,0.9956918149855417,0.9959337739929766,0.9961644858705662,0.9963752107099206,,,,,,,,,,,,,,,,,1216.7920440431335,1.7115854157698403e-14,8.335103203612696e-15
179,2.53396148404165e-14,2.6035269027308568e-14,2.679329191770428e-14,2.7556683268001734e-14,2.8298874403172417e-14,2.6368467877639994e-14,2.7094497978355896e-14,2.789291079141732e-14,2.869555580177895e-14,2.9479880419056406e-14,0.9569274781884539,0.9587599849268046,0.9606546458176413,0.9624885627011751,0.9642052947611801,0.995563071465734,0.9958007151636813,0.9960365923535117,0.9962613332276907,0.996466529299634,,,,,,,,,,,,,,,,,1216.804879355464,2.1760230675183824e-14,8.559588110458767e-15
180,2.4730219518827286e-14,2.5410201841710898e-14,2.6151369971002736e-14,2.6896116492650287e-14,2.7624425638679546e-14,2.5709687913083856e-14,2.6419172125659673e-14,2.7199469296713083e-14,2.798308964103514e-14,2.875053676890741e-14,0.9578988669648169,0.9596910494372066,0.961543863898367,0.9633372389568083,0.9650160540595035,0.9956735231738212,0.9959055272840349,0.9961354402455933,0.9963543599097154,0.996554346009837,,,,,,,,,,,,,,,,,1216.8177144214537,1.0876837320086038e-14,7.852911063663346e-15
181,2.4143291713403585e-14,2.4808242652390662e-14,2.553272799540688e-14,2.626149359798531e-14,2.697361765887167e-14,2.5076788058898867e-14,2.5770849935415963e-14,2.6532961368608812e-14,2.7297418939217657e-14,2.8048847836591872e-14,0.9588379347920624,0.9605901360060377,0.9624039506691846,0.9641563871560331,0.9657990778069849,0.9957797710515274,0.9960062609742888,0.9962302779020733,0.9964441205949413,0.996638709252525,,,,,,,,,,,,,,,,,1216.8305492411168,2.0327933536760587e-14,8.257298145209705e-15
182,2.3577943977673318e-14,2.4227864373595324e-14,2.493636214601038e-14,2.5648981273204027e-14,2.63431452838246e-14,2.446852118993807e-14,2.5147017785227708e-14,2.589032123261957e-14,2.6637828110508637e-14,2.737144212637979e-14,0.9597457432661353,0.961459475870176,0.9632359111435395,0.9649494049397587,0.9665554962246331,0.9958820331939577,0.996103283988364,0.9963216083122921,0.9965303713031983,0.9967198187043654,,,,,,,,,,,,,,,,,1216.8433838144672,1.7107461755257007e-14,7.721652297057978e-15
183,2.3032129379593035e-14,2.3666772689375996e-14,2.436134287211372e-14,2.5058122353952308e-14,2.573824836368373e-14,2.3882734964581267e-14,2.45449072794713e-14,2.5271403288051476e-14,2.6002670526922016e-14,2.671922848589752e-14,0.9606239529048632,0.9623007405265105,0.9640394572590621,0.9657165292015181,0.9672880383037269,0.9959805186466029,0.9961968154322687,0.9964096718511697,0.9966134079663451,0.9967979451509595,,,,,,,,,,,,,,,,,1216.8562181415195,1.845365630052595e-14,8.376183454521582e-15
184,2.2504329014065035e-14,2.3126065275387268e-14,2.3806655174280864e-14,2.4488142929549257e-14,2.5155420596819854e-14,2.331843763174279e-14,2.396524128407119e-14,2.4675260944688144e-14,2.538987109156663e-14,2.609004207099168e-14,0.9614730151623754,0.9631153365697448,0.9648168504434176,0.9664593266506313,0.9679973356907122,0.9960754238728974,0.9962866254595195,0.9964944778187248,0.9966933882956002,0.9968732325865698,,,,,,,,,,,,,,,,,1216.8690522222876,1.4426516079836527e-14,7.980126094978522e-15
185,2.199654891502767e-14,2.2603730726206026e-14,2.3269607375226006e-14,2.393843012552562e-14,2.4592139767165327e-14,2.277448025832423e-14,2.3405380866487895e-14,2.410024810335307e-14,2.4799023528466543e-14,2.548517444878857e-14,0.9622951279989285,0.9639026639979179,0.9655698154886698,0.9671785019425078,0.9686839081954761,0.9961670349890209,0.9963733271812348,0.9965762664654931,0.9967703857014181,0.9969458240055707,,,,,,,,,,,,,,,,,1216.881886056785,1.582729851042422e-14,8.018986272532655e-15
186,2.1505328525891248e-14,2.2100514671072522e-14,2.27510996098536e-14,2.340661466081972e-14,2.4045319964883793e-14,2.2249818947712262e-14,2.2865996944094998e-14,2.354629198460318e-14,2.422912531643657e-14,2.490160039597294e-14,0.9630925934918149,0.9646659653583113,0.9662988237395267,0.9678742933121943,0.9693486956714202,0.9962552860291282,0.9964566238409747,0.9966552778296562,0.9968447292914514,0.9970158754279771,,,,,,,,,,,,,,,,,1216.8947196450274,1.2669136166586561e-14,7.814303301927495e-15
187,2.1021025893085972e-14,2.1604471408500292e-14,2.2240134904871815e-14,2.28819157990014e-14,2.3508007473417967e-14,2.1732942866984855e-14,2.2335317310999138e-14,2.300088925602808e-14,2.366799247875504e-14,2.4326123727035143e-14,0.9633235508754533,0.9648645079036791,0.9664644200253113,0.9680061131124295,0.9694496396064447,0.9957851160678615,0.9959817291370383,0.9961758277845267,0.9963607061591714,0.9965278755255299,,,,,,,,,,,,,,,,,1216.907552987028,2.122940867966671e-14,8.64822672025714e-15
188,2.0536505572268196e-14,2.1105356031268235e-14,2.172726070216994e-14,2.235629433727034e-14,2.2967292475158427e-14,2.121571633380089e-14,2.180457598370405e-14,2.2455112352201784e-14,2.3107120482200262e-14,2.3751592629358734e-14,0.9625693242472695,0.9640784371355827,0.9656444880565107,0.9671533471968928,0.9685638886882042,0.9943247577881607,0.9945163595966872,0.9947059013095476,0.994886176664212,0.9950494318988089,,,,,,,,,,,,,,,,,1216.920386082801,1.2148004227986037e-14,7.990298113642099e-15
189,2.0027680358955194e-14,2.058353086298195e-14,2.1190674471261902e-14,2.180452382440097e-14,2.239995994849452e-14,2.0677164342306452e-14,2.1251375061990614e-14,2.1885912982927207e-14,2.252192582841221e-14,2.3150858003850248e-14,0.9597056694918853,0.961180219308589,0.9627108749908039,0.9641840832497902,0.9655613040656971,0.9907144939581596,0.9909014434305025,0.9910861569976044,0.9912618198965437,0.9914207131190602,,,,,,,,,,,,,,,,,1216.9332189323607,2.0868628548310897e-14,8.775265568719288e-15
190,1.9462661649654405e-14,2.0004420330861756e-14,2.0594920595840502e-14,2.1191959048494167e-14,2.1770237195734175e-14,2.0082773464740322e-14,2.064053080907204e-14,2.125718850585105e-14,2.1875416294873504e-14,2.2486962939379474e-14,0.9529153190806857,0.9543502292915725,0.9558410699858346,0.9572741571926944,0.9586149999454496,0.9830867732294349,0.9832686220864032,0.9834479389393231,0.9836185905350426,0.9837726248291875,,,,,,,,,,,,,,,,,1216.9460515357212,1.3300243474926796e-14,9.22317405012852e-15
191,1.8800358518659657e-14,1.9324082391731406e-14,1.9895545898731625e-14,2.0473145044250072e-14,2.103296350487865e-14,1.9387905420864132e-14,1.9927245543059052e-14,2.0523108566172735e-14,2.1120479838244483e-14,2.1711612119695146e-14,0.9398446702138205,0.9412321558764666,0.9426747685574621,0.944061679020439,0.9453581378969883,0.9690236158397292,0.9691992074867548,0.9693722099672528,0.9695368188921925,0.9696853770067633,,,,,,,,,,,,,,,,,1216.958883892897,1.1526398088215154e-14,7.364395822762743e-15
192,1.7891102468584763e-14,1.8389160557619913e-14,1.8933704660940947e-14,1.9482793317325536e-14,2.0017671121979018e-14,1.8439299565616315e-14,1.895246258078304e-14,1.9520070005657554e-14,2.0088522397431488e-14,2.0650867605767902e-14,0.9121796991320592,0.9135011805424258,0.9148762146288838,0.9161978418379422,0.9174329073725517,0.9399759922136549,0.9401429283315746,0.9403073933836914,0.940463785079217,0.9406049660182876,,,,,,,,,,,,,,,,,1216.9717160039015,1.3712219124647606e-14,7.740762207380982e-15
193,1.622481848899839e-14,1.6676522426371556e-14,1.717158414643909e-14,1.7669353004547472e-14,1.815501971258591e-14,1.6713909536720975e-14,1.7178950989756624e-14,1.7694197960479618e-14,1.8209852787796098e-14,1.8719793905340093e-14,0.8418518300169208,0.8430513110334033,0.8443000339111681,0.8454996715256041,0.8466209949553609,0.8670827899146354,0.867233932371867,0.8673829999551863,0.8675247404826012,0.8676526085285268,,,,,,,,,,,,,,,,,1216.9845478687496,1.569698418555504e-14,7.665854001657601e-15
194,1.3310661453731433e-14,1.3681237364587073e-14,1.4087697147675346e-14,1.449638442980617e-14,1.489480747174343e-14,1.3706063422387634e-14,1.408727907304484e-14,1.4510343863055717e-14,1.4933647575536293e-14,1.535161056411476e-14,0.7011158039471695,0.7021005442913459,0.7031261434294227,0.7041113053467749,0.7050319015617341,0.7218307915033004,0.7219546524885394,0.7220768434140246,0.7221931156531937,0.7222979617198693,,,,,,,,,,,,,,,,,1216.9973794874554,1.659641797905828e-14,7.91824610301686e-15
